department,internal_id,last_sold,name,price,properties,quantity,tags,upc
WINE,,2020-02-09 00:00:00,Kenwood Pinot Noir 750ml Domestic,17.11,"{""department"": ""WINE"", ""vendor"": ""NULL"", ""description"": ""NULL""}",.00000000,high_margin,010986002813
WINE,,2020-03-18 00:00:00,Kenwood Sav Blanc 750ml Domestic,12.83,"{""department"": ""WINE"", ""vendor"": ""NULL"", ""description"": ""NULL""}",.00000000,high_margin,010986006026
WINE,,2020-04-25 00:00:00,Kenwood Chard 750ml Domestic,11.76,"{""department"": ""WINE"", ""vendor"": ""NULL"", ""description"": ""NULL""}",.00000000,high_margin,010986007634
WINE,,2020-03-24 00:00:00,Macon Villages Joseph Drouhin,16.04,"{""department"": ""WINE"", ""vendor"": ""NONE"", ""description"": ""NULL""}",.00000000,high_margin,012086312014
WINE,,2020-02-17 00:00:00,Gentlemans Collection Red Blen 750ml Domestic,12.83,"{""department"": ""WINE"", ""vendor"": ""NULL"", ""description"": ""NULL""}",.00000000,high_margin,012354001466
WINE,,2020-04-24 00:00:00,Shiraz 19 Crimes,10.69,"{""department"": ""WINE"", ""vendor"": ""NONE"", ""description"": ""NULL""}",.00000000,high_margin,012354001848
WINE,,2020-04-11 00:00:00,Dr. Hans VonMuller Riesling Au 750ml Domestic,13.9,"{""department"": ""WINE"", ""vendor"": ""NULL"", ""description"": ""NULL""}",.00000000,high_margin,015643241321
WINE,,2020-05-06 00:00:00,Rose with Grapefruit 750ml Import,10.69,"{""department"": ""WINE"", ""vendor"": ""NULL"", ""description"": ""NULL""}",.00000000,high_margin,015643422850
WINE,,2020-04-10 00:00:00,Rose with Blood Orange 750ml Import,10.69,"{""department"": ""WINE"", ""vendor"": ""NULL"", ""description"": ""NULL""}",.00000000,high_margin,015643559792
WINE,,2020-04-22 00:00:00,P Noir Oregon terrebonne,14.97,"{""department"": ""WINE"", ""vendor"": ""NONE"", ""description"": ""NULL""}",.00000000,high_margin,015643566950
WINE,,2020-05-19 00:00:00,Rose Little Sheep,11.76,"{""department"": ""WINE"", ""vendor"": ""NONE"", ""description"": ""NULL""}",.00000000,high_margin,015643607554
LIQUOR,,2020-05-16 00:00:00,Rose's Sweetened Lime Juice 12 oz Mixer,4.35,"{""department"": ""LIQUOR"", ""vendor"": ""NULL"", ""description"": ""NULL""}",.00000000,low_margin,01660433
LIQUOR,,2020-05-02 00:00:00,Rose's Grenadine 12 oz Mixer,4.35,"{""department"": ""LIQUOR"", ""vendor"": ""NULL"", ""description"": ""NULL""}",.00000000,low_margin,01660530
BEER,,2020-05-09 00:00:00,Platinum 12pk cans Bud Light,16.99,"{""department"": ""BEER"", ""vendor"": ""NONE"", ""description"": ""NULL""}",.00000000,low_margin,018200209949
BEER,,2020-05-19 00:00:00,natty single natty single,2.14,"{""department"": ""BEER"", ""vendor"": ""NONE"", ""description"": ""NULL""}",.00000000,high_margin,018200250132
BEER,,2020-05-08 00:00:00,Bud Light Seltzer 25oz Bud Light,3.21,"{""department"": ""BEER"", ""vendor"": ""NONE"", ""description"": ""NULL""}",.00000000,"duplicate_sku,high_margin",018200260636
BEER,,2020-05-08 00:00:00,Bud Light Seltzer 25oz Bud Light,3.21,"{""department"": ""BEER"", ""vendor"": ""NONE"", ""description"": ""NULL""}",.00000000,"duplicate_sku,high_margin",018200260636
Soda,,2020-05-19 00:00:00,Pink Lemonade Minute Maid,2.03,"{""department"": ""Soda"", ""vendor"": ""NONE"", ""description"": ""NULL""}",.00000000,high_margin,025000058868
TOBACCO,,2020-01-25 00:00:00,L&M 50c OFF,9.4,"{""department"": ""TOBACCO"", ""vendor"": ""NONE"", ""description"": ""NULL""}",.00000000,"duplicate_sku,low_margin",028200179043
TOBACCO,,2020-01-25 00:00:00,L&M 50c OFF,9.4,"{""department"": ""TOBACCO"", ""vendor"": ""NONE"", ""description"": ""NULL""}",.00000000,"duplicate_sku,low_margin",028200179043
WINE,,2020-05-02 00:00:00,Josh North Coast Cab Sav 750ml Domestic,18.52,"{""department"": ""WINE"", ""vendor"": ""NULL"", ""description"": ""NULL""}",.00000000,low_margin,031259000046
WINE,,2020-05-12 00:00:00,Josh Family Cab Sav 750ml Domestic,21.39,"{""department"": ""WINE"", ""vendor"": ""NULL"", ""description"": ""NULL""}",.00000000,high_margin,031259000763
WINE,,2020-05-16 00:00:00,Josh Cellars Rose 750ml Domestic,14.16,"{""department"": ""WINE"", ""vendor"": ""NULL"", ""description"": ""NULL""}",.00000000,low_margin,031259001043
WINE,,2020-03-19 00:00:00,Josh North Coast Chard,16.34,"{""department"": ""WINE"", ""vendor"": ""NONE"", ""description"": ""NULL""}",.00000000,low_margin,031259003030
WINE,,2020-05-19 00:00:00,Josh Prosecco Sparkling 750ml Import,13.9,"{""department"": ""WINE"", ""vendor"": ""NULL"", ""description"": ""NULL""}",.00000000,high_margin,031259003726
WINE,,2020-03-15 00:00:00,Cab 375ml Josh,8.55,"{""department"": ""WINE"", ""vendor"": ""NONE"", ""description"": ""NULL""}",.00000000,high_margin,031259004204
WINE,,2020-01-27 00:00:00,Chard Josh,7.48,"{""department"": ""WINE"", ""vendor"": ""NONE"", ""description"": ""NULL""}",.00000000,high_margin,031259004211
WINE,,2020-05-16 00:00:00,Josh Bour Barrel Cab Sav,16.34,"{""department"": ""WINE"", ""vendor"": ""NONE"", ""description"": ""NULL""}",.00000000,low_margin,031259004327
WINE,,2020-03-16 00:00:00,Hob Nob Cab Sav 750ml Import,10.69,"{""department"": ""WINE"", ""vendor"": ""NULL"", ""description"": ""NULL""}",.00000000,high_margin,031259027159
WINE,,2020-02-03 00:00:00,Hob Nob Merlot 750ml Import,10.69,"{""department"": ""WINE"", ""vendor"": ""NULL"", ""description"": ""NULL""}",.00000000,high_margin,031259027166
WINE,,2020-05-19 00:00:00,Pinot Noir HobNob,10.69,"{""department"": ""WINE"", ""vendor"": ""NONE"", ""description"": ""NULL""}",.00000000,high_margin,031259027173
WINE,,2020-02-21 00:00:00,Hob Nob Red Blend 750ml Import,10.69,"{""department"": ""WINE"", ""vendor"": ""NULL"", ""description"": ""NULL""}",.00000000,high_margin,031259045306
WINE,,2020-05-14 00:00:00,Josh Pinot Noir 750ml Domestic,17.11,"{""department"": ""WINE"", ""vendor"": ""NULL"", ""description"": ""NULL""}",.00000000,high_margin,031259046952
WINE,,2020-05-17 00:00:00,Josh Cellar Sav Blanc 750ml Domestic,12.83,"{""department"": ""WINE"", ""vendor"": ""NULL"", ""description"": ""NULL""}",.00000000,high_margin,031259046976
MISC,,2020-05-02 00:00:00,Collins Cherries with Stems 16oz,7.62,"{""department"": ""MISC"", ""vendor"": ""NULL"", ""description"": ""NULL""}",.00000000,low_margin,031439001641
Soda,,2020-05-15 00:00:00,Snickers Candy,1.18,"{""department"": ""Soda"", ""vendor"": ""NULL"", ""description"": ""NULL""}",.00000000,high_margin,040000424314
LIQUOR,,2020-03-27 00:00:00,Four Roses Single Barrel 750ml Whiskey,45.77,"{""department"": ""LIQUOR"", ""vendor"": ""NULL"", ""description"": ""NULL""}",.00000000,low_margin,040063400027
LIQUOR,,2020-04-23 00:00:00,Four Roses Small Batch 750ml Whiskey,33.78,"{""department"": ""LIQUOR"", ""vendor"": ""NULL"", ""description"": ""NULL""}",.00000000,low_margin,040063400317
LIQUOR,,2020-05-06 00:00:00,Four Roses Bourdon 750ml Whiskey,21.79,"{""department"": ""LIQUOR"", ""vendor"": ""NULL"", ""description"": ""NULL""}",.00000000,low_margin,040063400409
BEER,,2020-05-19 00:00:00,Mighty Squirrel Cloud Candy 4 x 16oz,15.25,"{""department"": ""BEER"", ""vendor"": ""NONE"", ""description"": ""NULL""}",.00000000,low_margin,040232502101
BEER,,2020-05-18 00:00:00,Mighty Squirel Mango Lassi 4 x 16oz,17.43,"{""department"": ""BEER"", ""vendor"": ""Atlantic"", ""description"": ""NULL""}",.00000000,low_margin,040232502132
WINE,,2020-05-16 00:00:00,Pinot Noir La Crema,25.06,"{""department"": ""WINE"", ""vendor"": ""NONE"", ""description"": ""NULL""}",.00000000,low_margin,049331002307
LIQUOR,,2020-05-06 00:00:00,Disaronno 750ml Disaronno,32.69,"{""department"": ""LIQUOR"", ""vendor"": ""NONE"", ""description"": ""NULL""}",.00000000,low_margin,050037014501
LIQUOR,,2020-03-28 00:00:00,Disaronno 375ml Disaronna,18.18,"{""department"": ""LIQUOR"", ""vendor"": ""NONE"", ""description"": ""NULL""}",.00000000,high_margin,050037014518
BEER,,2020-03-21 00:00:00,Velvet Moon Mighty Sqi,14.38,"{""department"": ""BEER"", ""vendor"": ""NONE"", ""description"": ""NULL""}",.00000000,low_margin,051497052683
BEER,,2020-04-28 00:00:00,Guavaland Mighty Sqir,19.61,"{""department"": ""BEER"", ""vendor"": ""NONE"", ""description"": ""NULL""}",.00000000,low_margin,051497123390
BEER,,2020-05-19 00:00:00,Mighty Squirrel Dear Bubba 4 x 16oz,15.25,"{""department"": ""BEER"", ""vendor"": ""Atlantic"", ""description"": ""NULL""}",.00000000,low_margin,051497123420
BEER,,2020-05-18 00:00:00,Coors Light 12 x 12oz Can,14.81,"{""department"": ""BEER"", ""vendor"": ""9787772213"", ""description"": ""NULL""}",.00000000,low_margin,071990000486
BEER,,2020-05-17 00:00:00,Blue Moon Belgian 6 x 12oz Glass,10.89,"{""department"": ""BEER"", ""vendor"": ""9787772213"", ""description"": ""NULL""}",.00000000,low_margin,071990095116
BEER,,2020-05-15 00:00:00,Coors Light 6 x 12oz Glass,8.71,"{""department"": ""BEER"", ""vendor"": ""9787772213"", ""description"": ""NULL""}",.00000000,low_margin,071990300050
BEER,,2020-05-18 00:00:00,Coors Light 30 x 12oz Can,28.87,"{""department"": ""BEER"", ""vendor"": ""9787772213"", ""description"": ""NULL""}",.00000000,low_margin,071990300302
BEER,,2020-05-19 00:00:00,Coors Light Single 24oz,3.21,"{""department"": ""BEER"", ""vendor"": ""9787772213"", ""description"": ""NULL""}",.00000000,high_margin,071990300654
BEER,,2020-05-17 00:00:00,Coors Light 12 x 12oz Glass,14.81,"{""department"": ""BEER"", ""vendor"": ""9787772213"", ""description"": ""NULL""}",.00000000,low_margin,071990300692
BEER,,2020-05-19 00:00:00,Coors Light 6 x 16oz Can,10.13,"{""department"": ""BEER"", ""vendor"": ""9787772213"", ""description"": ""NULL""}",.00000000,low_margin,071990320003
TOBACCO,,2020-05-10 00:00:00,Quorum Quorum,4.01,"{""department"": ""TOBACCO"", ""vendor"": ""NONE"", ""description"": ""NULL""}",.00000000,high_margin,076622775305
BEER,,2020-05-13 00:00:00,Steel Reserve Single 24oz,2.14,"{""department"": ""BEER"", ""vendor"": ""9787772213"", ""description"": ""NULL""}",.00000000,high_margin,078250003287
LIQUOR,,2020-05-08 00:00:00,Buffalo Trace Buffalo Trace,34.87,"{""department"": ""LIQUOR"", ""vendor"": ""NONE"", ""description"": ""NULL""}",.00000000,low_margin,080244009236
LIQUOR,,2020-01-26 00:00:00,Jameson Black Barrell Whiskey 750ml,40.32,"{""department"": ""LIQUOR"", ""vendor"": ""NULL"", ""description"": ""NULL""}",.00000000,low_margin,080432107263
LIQUOR,,2020-01-10 00:00:00,Glenlivet Founders 750ml Scotch,43.59,"{""department"": ""LIQUOR"", ""vendor"": ""NULL"", ""description"": ""NULL""}",.00000000,low_margin,080432109755
LIQUOR,,2020-03-25 00:00:00,Jameson Caskmates Stout Whiskey 750ml,37.05,"{""department"": ""LIQUOR"", ""vendor"": ""NULL"", ""description"": ""NULL""}",.00000000,low_margin,080432109922
LIQUOR,,2020-03-21 00:00:00,Jameson Caskmates Whiskey 750ml,37.05,"{""department"": ""LIQUOR"", ""vendor"": ""NULL"", ""description"": ""NULL""}",.00000000,low_margin,080432112199
LIQUOR,,2020-05-15 00:00:00,Chivas Regal 12yr Chivas Regal,40.32,"{""department"": ""LIQUOR"", ""vendor"": ""NONE"", ""description"": ""NULL""}",.00000000,low_margin,080432400395
LIQUOR,,2020-03-23 00:00:00,Chivas Regal 18yr,92.64,"{""department"": ""LIQUOR"", ""vendor"": ""NONE"", ""description"": ""NULL""}",.00000000,low_margin,080432400487
LIQUOR,,2020-05-13 00:00:00,Glenlivet 12 Years 750ml Scotch,51.22,"{""department"": ""LIQUOR"", ""vendor"": ""NULL"", ""description"": ""NULL""}",.00000000,low_margin,080432400630
LIQUOR,,2020-05-08 00:00:00,Jameson Irish Whiskey 200ml,11.98,"{""department"": ""LIQUOR"", ""vendor"": ""NULL"", ""description"": ""NULL""}",.00000000,low_margin,080432500125
LIQUOR,,2020-05-15 00:00:00,Jameson Irish Whiskey 375ml,20.32,"{""department"": ""LIQUOR"", ""vendor"": ""NULL"", ""description"": ""NULL""}",.00000000,high_margin,080432500149
LIQUOR,,2020-05-02 00:00:00,Jameson Irish Whiskey 1.75L,46.86,"{""department"": ""LIQUOR"", ""vendor"": ""NULL"", ""description"": ""NULL""}",.00000000,low_margin,080432500187
LIQUOR,,2020-04-15 00:00:00,12yr redbreast Red breast,59.94,"{""department"": ""LIQUOR"", ""vendor"": ""NONE"", ""description"": ""NULL""}",.00000000,low_margin,080432586174
LIQUOR,,2020-03-23 00:00:00,Grey Goose Cherry Noir Vodka 750ml,32.69,"{""department"": ""LIQUOR"", ""vendor"": ""NULL"", ""description"": ""NULL""}",.00000000,low_margin,080480002831
LIQUOR,,2020-04-11 00:00:00,Dewars 15yr Scotch,42.79,"{""department"": ""LIQUOR"", ""vendor"": ""NONE"", ""description"": ""NULL""}",.00000000,high_margin,080480005221
LIQUOR,,2020-05-05 00:00:00,Cazadores Tequila Cazadores,27.24,"{""department"": ""LIQUOR"", ""vendor"": ""NONE"", ""description"": ""NULL""}",.00000000,low_margin,080480172022
LIQUOR,,2020-05-01 00:00:00,Dewars white Label Scotch 375ml,16.34,"{""department"": ""LIQUOR"", ""vendor"": ""NULL"", ""description"": ""NULL""}",.00000000,low_margin,080480230036
LIQUOR,,2020-05-19 00:00:00,Dewars White Label Scotch 200ml,9.62,"{""department"": ""LIQUOR"", ""vendor"": ""NULL"", ""description"": ""NULL""}",.00000000,high_margin,080480230050
LIQUOR,,2020-02-07 00:00:00,Grey Goose Vodka 1.75L,65.39,"{""department"": ""LIQUOR"", ""vendor"": ""NULL"", ""description"": ""NULL""}",.00000000,low_margin,080480280000
LIQUOR,,2020-05-14 00:00:00,Grey Goose Vodka 750ml,32.69,"{""department"": ""LIQUOR"", ""vendor"": ""NULL"", ""description"": ""NULL""}",.00000000,low_margin,080480280024
LIQUOR,,2020-05-04 00:00:00,Grey Goose Vodka Vodka 375ml,21.79,"{""department"": ""LIQUOR"", ""vendor"": ""NULL"", ""description"": ""NULL""}",.00000000,low_margin,080480280031
LIQUOR,,2020-05-17 00:00:00,Grey Goose 50ml Vodka,4.27,"{""department"": ""LIQUOR"", ""vendor"": ""NONE"", ""description"": ""NULL""}",.00000000,high_margin,080480280055
BEER,,2020-05-15 00:00:00,24pk Corona 7oz Corona,25.07,"{""department"": ""BEER"", ""vendor"": ""NONE"", ""description"": ""NULL""}",.00000000,low_margin,080660954080
BEER,,2020-05-12 00:00:00,Corona Extra 18 x 12oz,25.07,"{""department"": ""BEER"", ""vendor"": ""9787772213"", ""description"": ""NULL""}",.00000000,low_margin,080660956800
BEER,,2020-05-19 00:00:00,Corona Extra 12 x 12oz Glass,18.08,"{""department"": ""BEER"", ""vendor"": ""9787772213"", ""description"": ""NULL""}",.00000000,low_margin,080660956954
LIQUOR,,2020-05-08 00:00:00,Basil Hayden's 750ml Whiskey,33.78,"{""department"": ""LIQUOR"", ""vendor"": ""NULL"", ""description"": ""NULL""}",.00000000,low_margin,080686012405
LIQUOR,,2020-04-16 00:00:00,Knob Creek Small Batch 750ml Whiskey,33.78,"{""department"": ""LIQUOR"", ""vendor"": ""NULL"", ""description"": ""NULL""}",.00000000,low_margin,080686016403
LIQUOR,,2020-04-25 00:00:00,Laphoraig 10 Years 750ml Scotch,54.49,"{""department"": ""LIQUOR"", ""vendor"": ""NULL"", ""description"": ""NULL""}",.00000000,low_margin,080686813019
LIQUOR,,2020-05-05 00:00:00,Hornitos Plata 750ml Tequila,30.51,"{""department"": ""LIQUOR"", ""vendor"": ""NULL"", ""description"": ""NULL""}",.00000000,low_margin,080686835325
LIQUOR,,2020-04-24 00:00:00,Pinnacle 1.75L Vodka,21.79,"{""department"": ""LIQUOR"", ""vendor"": ""NULL"", ""description"": ""NULL""}",.00000000,low_margin,080686929451
LIQUOR,,2020-03-20 00:00:00,Galliano L'Autenico Liqueur 750ml Import,27.24,"{""department"": ""LIQUOR"", ""vendor"": ""NULL"", ""description"": ""NULL""}",.00000000,low_margin,080915112128
WINE,,2020-05-01 00:00:00,Prosecco Cupcake,12.83,"{""department"": ""WINE"", ""vendor"": ""NONE"", ""description"": ""NULL""}",.00000000,high_margin,081308001326
WINE,,2020-05-01 00:00:00,Pinot Noir Chloe,14.97,"{""department"": ""WINE"", ""vendor"": ""NONE"", ""description"": ""NULL""}",.00000000,high_margin,081308003566
WINE,,2020-05-18 00:00:00,Prosecco Chloe,14.97,"{""department"": ""WINE"", ""vendor"": ""NONE"", ""description"": ""NULL""}",.00000000,high_margin,081308003733
WINE,,2020-04-30 00:00:00,Kendall Jackson Pinot Gris 750ml Domestic,15.25,"{""department"": ""WINE"", ""vendor"": ""NULL"", ""description"": ""NULL""}",.00000000,low_margin,081584002154
WINE,,2020-05-15 00:00:00,Kendall Jackson Chard 750ml Domestic,16.04,"{""department"": ""WINE"", ""vendor"": ""NULL"", ""description"": ""NULL""}",.00000000,high_margin,081584013105
WINE,,2020-05-05 00:00:00,Kendall Jackson Cab Sav 750ml Domestic,21.39,"{""department"": ""WINE"", ""vendor"": ""NULL"", ""description"": ""NULL""}",.00000000,high_margin,081584013174
WINE,,2020-02-29 00:00:00,Kendall Jackson Pinot Noir 750ml Domestic,21.39,"{""department"": ""WINE"", ""vendor"": ""NULL"", ""description"": ""NULL""}",.00000000,high_margin,081584131519
WINE,,2020-02-21 00:00:00,Kendall Jackson Merlot 750ml Domestic,21.39,"{""department"": ""WINE"", ""vendor"": ""NULL"", ""description"": ""NULL""}",.00000000,high_margin,081584131526
WINE,,2020-05-08 00:00:00,Veuve Clicquot Veuve Clicquot,59.94,"{""department"": ""WINE"", ""vendor"": ""NONE"", ""description"": ""NULL""}",.00000000,low_margin,081753814755
LIQUOR,,2020-05-18 00:00:00,Raspberry Smirnoff,15.25,"{""department"": ""LIQUOR"", ""vendor"": ""NONE"", ""description"": ""NULL""}",.00000000,low_margin,082000003960
LIQUOR,,2020-05-01 00:00:00,Jose Cuevo Gold 1.75L Tequila,32.69,"{""department"": ""LIQUOR"", ""vendor"": ""NULL"", ""description"": ""NULL""}",.00000000,low_margin,082000192985
MISC,,2020-02-16 00:00:00,BlueBerry 375ml Smirnoff,9.62,"{""department"": ""MISC"", ""vendor"": ""NONE"", ""description"": ""NULL""}",.00000000,high_margin,082000788164
LIQUOR,,2020-04-08 00:00:00,watermelon 375ml Smirnoff,9.62,"{""department"": ""LIQUOR"", ""vendor"": ""NONE"", ""description"": ""NULL""}",.00000000,high_margin,082000788225
WINE,,2020-05-14 00:00:00,Dreaming Tree Crush Red 750ml Domestic,16.04,"{""department"": ""WINE"", ""vendor"": ""NULL"", ""description"": ""NULL""}",.00000000,high_margin,082100738533
LIQUOR,,2020-04-23 00:00:00,Jack Daniel's Honey 750ml Whiskey,29.42,"{""department"": ""LIQUOR"", ""vendor"": ""NULL"", ""description"": ""NULL""}",.00000000,low_margin,082184000335
LIQUOR,,2020-05-18 00:00:00,Jack Daniels Honey 375ml Whiskey,17.43,"{""department"": ""LIQUOR"", ""vendor"": ""NULL"", ""description"": ""NULL""}",.00000000,low_margin,082184000342
LIQUOR,,2020-05-18 00:00:00,Jack Daniels Honey 50ml Whiskey,3.2,"{""department"": ""LIQUOR"", ""vendor"": ""NULL"", ""description"": ""NULL""}",.00000000,high_margin,082184000359
LIQUOR,,2020-04-06 00:00:00,Jack Daniel's Honey 1.75L Whiskey,46.86,"{""department"": ""LIQUOR"", ""vendor"": ""NULL"", ""description"": ""NULL""}",.00000000,low_margin,082184000618
LIQUOR,,2020-05-17 00:00:00,Jack Daniels Honey 200ml Whiskey,10.89,"{""department"": ""LIQUOR"", ""vendor"": ""NULL"", ""description"": ""NULL""}",.00000000,low_margin,082184000625
LIQUOR,,2020-02-15 00:00:00,Jack Daniel's Fire 1.75L Whiskey,46.86,"{""department"": ""LIQUOR"", ""vendor"": ""NULL"", ""description"": ""NULL""}",.00000000,low_margin,082184001219
LIQUOR,,2020-05-02 00:00:00,Jack Daniels Fire 200ml Whiskey,10.89,"{""department"": ""LIQUOR"", ""vendor"": ""NULL"", ""description"": ""NULL""}",.00000000,low_margin,082184001554
LIQUOR,,2020-03-13 00:00:00,Jack Daniel's Single Barrel 750ml Whiskey,54.49,"{""department"": ""LIQUOR"", ""vendor"": ""NULL"", ""description"": ""NULL""}",.00000000,low_margin,082184087008
LIQUOR,,2020-05-18 00:00:00,Jack Daniel's 1.75L Whiskey,46.86,"{""department"": ""LIQUOR"", ""vendor"": ""NULL"", ""description"": ""NULL""}",.00000000,low_margin,082184090428
LIQUOR,,2020-05-15 00:00:00,Jack dan 1lt Jack Daniels,32.09,"{""department"": ""LIQUOR"", ""vendor"": ""NONE"", ""description"": ""NULL""}",.00000000,high_margin,082184090442
LIQUOR,,2020-05-14 00:00:00,Jack Daniel's 750ml Whiskey,29.42,"{""department"": ""LIQUOR"", ""vendor"": ""NULL"", ""description"": ""NULL""}",.00000000,low_margin,082184090466
LIQUOR,,2020-05-14 00:00:00,Jack Daniels 375ml Whiskey,17.43,"{""department"": ""LIQUOR"", ""vendor"": ""NULL"", ""description"": ""NULL""}",.00000000,low_margin,082184090503
LIQUOR,,2020-05-16 00:00:00,Jack Daniels 200ml Whiskey,10.89,"{""department"": ""LIQUOR"", ""vendor"": ""NULL"", ""description"": ""NULL""}",.00000000,low_margin,082184090527
WINE,,2020-03-18 00:00:00,Maggio Merlot 750ml Domestic,10.69,"{""department"": ""WINE"", ""vendor"": ""NULL"", ""description"": ""NULL""}",.00000000,high_margin,082544007240
LIQUOR,,2020-05-18 00:00:00,Inver House Green 1.75L Whiskey,17.43,"{""department"": ""LIQUOR"", ""vendor"": ""NULL"", ""description"": ""NULL""}",.00000000,low_margin,082928236310
WINE,,2020-04-01 00:00:00,Rosatello Rose 750ml Import,11.98,"{""department"": ""WINE"", ""vendor"": ""NULL"", ""description"": ""NULL""}",.00000000,low_margin,083085430016
WINE,,2020-03-10 00:00:00,Ruffino Chianti 750ml Import,10.69,"{""department"": ""WINE"", ""vendor"": ""NULL"", ""description"": ""NULL""}",.00000000,high_margin,083085903022
WINE,,2020-04-16 00:00:00,Ruffino Chianti Superiore 750ml Import,14.97,"{""department"": ""WINE"", ""vendor"": ""NULL"", ""description"": ""NULL""}",.00000000,high_margin,083085903046
WINE,,2020-05-16 00:00:00,Ruffino Riserva Ducale 750ml Import,27.81,"{""department"": ""WINE"", ""vendor"": ""NULL"", ""description"": ""NULL""}",.00000000,high_margin,083085903084
WINE,,2020-05-12 00:00:00,Ruffino Pinot Grigio 750ml Import,10.69,"{""department"": ""WINE"", ""vendor"": ""NONE"", ""description"": ""NULL""}",.00000000,high_margin,083085903213
WINE,,2020-03-15 00:00:00,Ruffino Prosecco Sparkling 750ml Import,16.34,"{""department"": ""WINE"", ""vendor"": ""NULL"", ""description"": ""NULL""}",.00000000,low_margin,083085904081
LIQUOR,,2020-02-01 00:00:00,Jagermeifter Liqueur 50ml,2.45,"{""department"": ""LIQUOR"", ""vendor"": ""NULL"", ""description"": ""NULL""}",.00000000,low_margin,083089660105
LIQUOR,,2020-04-26 00:00:00,Chambord Liqueur 750ml Import,32.69,"{""department"": ""LIQUOR"", ""vendor"": ""NULL"", ""description"": ""NULL""}",.00000000,low_margin,083300034531
LIQUOR,,2020-02-14 00:00:00,Sailor Jerry 1.75L Rum,37.05,"{""department"": ""LIQUOR"", ""vendor"": ""NULL"", ""description"": ""NULL""}",.00000000,low_margin,083664868735
LIQUOR,,2020-04-18 00:00:00,Milagro Silver Tequila 750ml,32.69,"{""department"": ""LIQUOR"", ""vendor"": ""NULL"", ""description"": ""NULL""}",.00000000,low_margin,083664868919
LIQUOR,,2020-04-01 00:00:00,Milagro Reposado Tequila 750ml,35.96,"{""department"": ""LIQUOR"", ""vendor"": ""NULL"", ""description"": ""NULL""}",.00000000,low_margin,083664868940
LIQUOR,,2020-04-16 00:00:00,Sailor Jerry Rum 375ml,11.98,"{""department"": ""LIQUOR"", ""vendor"": ""NULL"", ""description"": ""NULL""}",.00000000,low_margin,083664869121
LIQUOR,,2020-04-09 00:00:00,Sailor Jerry Rum 200ml,6.53,"{""department"": ""LIQUOR"", ""vendor"": ""NULL"", ""description"": ""NULL""}",.00000000,low_margin,083664869138
LIQUOR,,2020-02-25 00:00:00,Sailor Jerry 50ml Rum,1.07,"{""department"": ""LIQUOR"", ""vendor"": ""NULL"", ""description"": ""NULL""}",.00000000,high_margin,083664869619
LIQUOR,,2020-03-21 00:00:00,Glenfiddich 21 Years 750ml Scotch,185.29,"{""department"": ""LIQUOR"", ""vendor"": ""NULL"", ""description"": ""NULL""}",.00000000,low_margin,083664872565
LIQUOR,,2020-05-16 00:00:00,Hendrick's Gin 750ml,43.59,"{""department"": ""LIQUOR"", ""vendor"": ""NULL"", ""description"": ""NULL""}",.00000000,low_margin,083664990436
BEER,,2020-05-14 00:00:00,Hop Bullet Sierra Nevada,11.65,"{""department"": ""BEER"", ""vendor"": ""NONE"", ""description"": ""NULL""}",.00000000,low_margin,083783228519
BEER,,2020-02-02 00:00:00,Guinness Draught 6pk 12oz Import,10.89,"{""department"": ""BEER"", ""vendor"": ""NULL"", ""description"": ""NULL""}",.00000000,low_margin,083820104011
BEER,,2020-01-31 00:00:00,Guinness Draught 4pk 15oz Import,8.55,"{""department"": ""BEER"", ""vendor"": ""NULL"", ""description"": ""NULL""}",.00000000,high_margin,083820123609
BEER,,2020-02-01 00:00:00,Guinness Draught 8pk 12oz Import,16.34,"{""department"": ""BEER"", ""vendor"": ""NULL"", ""description"": ""NULL""}",.00000000,low_margin,083820123685
BEER,,2020-02-01 00:00:00,Guinness Extra 6pk 12oz Import,10.89,"{""department"": ""BEER"", ""vendor"": ""NULL"", ""description"": ""NULL""}",.00000000,low_margin,083820123937
BEER,,2020-04-11 00:00:00,Over the Moon GUINNESS,12.83,"{""department"": ""BEER"", ""vendor"": ""NONE"", ""description"": ""NULL""}",.00000000,high_margin,083820124699
LIQUOR,,2020-05-07 00:00:00,Kinky Pink 750ml Liqueur,21.79,"{""department"": ""LIQUOR"", ""vendor"": ""NULL"", ""description"": ""NULL""}",.00000000,low_margin,084279983431
LIQUOR,,2020-04-09 00:00:00,Kinky Pink Liqueur 50ml,1.07,"{""department"": ""LIQUOR"", ""vendor"": ""NULL"", ""description"": ""NULL""}",.00000000,high_margin,084279985978
LIQUOR,,2020-05-07 00:00:00,Kinky Blue Liqueur 50ml,1.07,"{""department"": ""LIQUOR"", ""vendor"": ""NULL"", ""description"": ""NULL""}",.00000000,high_margin,084279991528
WINE,,2020-05-08 00:00:00,Malbec 750ml Alma Mora,11.76,"{""department"": ""WINE"", ""vendor"": ""NONE"", ""description"": ""NULL""}",.00000000,high_margin,084279998558
LIQUOR,,2020-01-24 00:00:00,Egg Nog Pennsylvania,11.76,"{""department"": ""LIQUOR"", ""vendor"": ""NONE"", ""description"": ""NULL""}",.00000000,high_margin,084380360947
WINE,,2020-04-28 00:00:00,Korbel Brut Sparkling 750ml Domestic,15.25,"{""department"": ""WINE"", ""vendor"": ""NULL"", ""description"": ""NULL""}",.00000000,low_margin,084704091328
WINE,,2020-05-08 00:00:00,Korbel Extra Dry Sparkling 750ml Domestic,15.25,"{""department"": ""WINE"", ""vendor"": ""NULL"", ""description"": ""NULL""}",.00000000,low_margin,084704091472
WINE,,2020-02-07 00:00:00,White Merlot Gallo,10.69,"{""department"": ""WINE"", ""vendor"": ""NONE"", ""description"": ""NULL""}",.00000000,high_margin,085000001820
WINE,,2020-02-27 00:00:00,Gallo Family Chard 1.5L Domestic,10.69,"{""department"": ""WINE"", ""vendor"": ""NULL"", ""description"": ""NULL""}",.00000000,high_margin,085000005064
WINE,,2020-04-13 00:00:00,Gallo Family Zinfandel 1.5L Domestic,10.69,"{""department"": ""WINE"", ""vendor"": ""NULL"", ""description"": ""NULL""}",.00000000,high_margin,085000007846
WINE,,2020-05-07 00:00:00,Da Vinci Chianti 750ml Import,13.07,"{""department"": ""WINE"", ""vendor"": ""NULL"", ""description"": ""NULL""}",.00000000,low_margin,085000012178
WINE,,2020-05-18 00:00:00,Da Vinci Chianti Riserva 750ml Import,21.39,"{""department"": ""WINE"", ""vendor"": ""NULL"", ""description"": ""NULL""}",.00000000,high_margin,085000012307
LIQUOR,,2020-05-01 00:00:00,New Amsterdam Gin 750ml,16.04,"{""department"": ""LIQUOR"", ""vendor"": ""NULL"", ""description"": ""NULL""}",.00000000,high_margin,085000014318
WINE,,2020-05-01 00:00:00,Macmurray Pinot Noir 750ml Domestic,18.52,"{""department"": ""WINE"", ""vendor"": ""NULL"", ""description"": ""NULL""}",.00000000,low_margin,085000015261
WINE,,2020-04-25 00:00:00,Da vinci Pinot Girgio 750ml Import,12.83,"{""department"": ""WINE"", ""vendor"": ""NONE"", ""description"": ""NULL""}",.00000000,high_margin,085000016589
LIQUOR,,2020-05-01 00:00:00,Silver 375ml Camarena,13.08,"{""department"": ""LIQUOR"", ""vendor"": ""NONE"", ""description"": ""NULL""}",.00000000,low_margin,085000017272
LIQUOR,,2020-05-01 00:00:00,New Amsterdam 750ml Vodka,16.34,"{""department"": ""LIQUOR"", ""vendor"": ""NULL"", ""description"": ""NULL""}",.00000000,low_margin,085000019498
LIQUOR,,2020-05-16 00:00:00,New Amsterdam 1.75L Vodka,22.88,"{""department"": ""LIQUOR"", ""vendor"": ""NULL"", ""description"": ""NULL""}",.00000000,low_margin,085000019511
WINE,,2020-02-08 00:00:00,Gascon Colosal Red Blend 750ml Import,14.97,"{""department"": ""WINE"", ""vendor"": ""NULL"", ""description"": ""NULL""}",.00000000,high_margin,085000020524
WINE,,2020-05-12 00:00:00,Gallo Family Sweet Peach 750ml Domestic,7.48,"{""department"": ""WINE"", ""vendor"": ""NULL"", ""description"": ""NULL""}",.00000000,high_margin,085000022573
WINE,,2020-03-11 00:00:00,Gallo Family Sweet Berry 750ml Domestic,7.48,"{""department"": ""WINE"", ""vendor"": ""NULL"", ""description"": ""NULL""}",.00000000,high_margin,085000022986
WINE,,2020-01-28 00:00:00,Prophecy Pinot Noir,11.76,"{""department"": ""WINE"", ""vendor"": ""NONE"", ""description"": ""NULL""}",.00000000,high_margin,085000023105
WINE,,2020-05-07 00:00:00,Porphecy Red Blend 750ml Domestic,11.76,"{""department"": ""WINE"", ""vendor"": ""NULL"", ""description"": ""NULL""}",.00000000,high_margin,085000024485
BEER,,2020-05-09 00:00:00,Grapefruit High Noon,10.89,"{""department"": ""BEER"", ""vendor"": ""NONE"", ""description"": ""NULL""}",.00000000,low_margin,085000026274
BEER,,2020-05-13 00:00:00,Watermelon High Noon,10.89,"{""department"": ""BEER"", ""vendor"": ""NONE"", ""description"": ""NULL""}",.00000000,low_margin,085000029251
BEER,,2020-05-13 00:00:00,Pineapple High Noon,10.89,"{""department"": ""BEER"", ""vendor"": ""NONE"", ""description"": ""NULL""}",.00000000,low_margin,085000029268
BEER,,2020-05-09 00:00:00,Black Cherry High Noon,10.89,"{""department"": ""BEER"", ""vendor"": ""NONE"", ""description"": ""NULL""}",.00000000,low_margin,085000029275
LIQUOR,,2020-05-18 00:00:00,Pink Whitney New Amsterdam,16.34,"{""department"": ""LIQUOR"", ""vendor"": ""NONE"", ""description"": ""NULL""}",.00000000,low_margin,085000029626
BEER,,2020-05-18 00:00:00,H noon 12pk High Noon,30.51,"{""department"": ""BEER"", ""vendor"": ""NONE"", ""description"": ""NULL""}",.00000000,low_margin,085000029862
WINE,,2020-05-16 00:00:00,Brut 4pk Barefoot,11.76,"{""department"": ""WINE"", ""vendor"": ""NONE"", ""description"": ""NULL""}",.00000000,high_margin,085000248799
WINE,,2020-05-10 00:00:00,Sparkling Fre,9.62,"{""department"": ""WINE"", ""vendor"": ""NONE"", ""description"": ""NULL""}",.00000000,high_margin,08510527
WINE,,2020-01-16 00:00:00,Chandon Blanc de Noirs Sparkli 750ml Domestic,21.39,"{""department"": ""WINE"", ""vendor"": ""NULL"", ""description"": ""NULL""}",.00000000,high_margin,085155000037
LIQUOR,,2020-04-28 00:00:00,Ketel One Citroen Vodka 750ml,21.79,"{""department"": ""LIQUOR"", ""vendor"": ""NULL"", ""description"": ""NULL""}",.00000000,low_margin,085156007509
LIQUOR,,2020-02-21 00:00:00,Ketel One 375ml Vodka,11.98,"{""department"": ""LIQUOR"", ""vendor"": ""NULL"", ""description"": ""NULL""}",.00000000,low_margin,085156122158
LIQUOR,,2020-05-14 00:00:00,Ketel One Oranje Vodka 750ml,21.79,"{""department"": ""LIQUOR"", ""vendor"": ""NULL"", ""description"": ""NULL""}",.00000000,low_margin,085156475001
LIQUOR,,2020-05-18 00:00:00,Ketel One Vodka 750ml,21.79,"{""department"": ""LIQUOR"", ""vendor"": ""NULL"", ""description"": ""NULL""}",.00000000,low_margin,085156515417
LIQUOR,,2020-04-18 00:00:00,Ketel One Peach & Orange Vodka 750ml,21.79,"{""department"": ""LIQUOR"", ""vendor"": ""NULL"", ""description"": ""NULL""}",.00000000,low_margin,085156675005
LIQUOR,,2020-05-01 00:00:00,Ketel One Grapefruit Rose Vodka 750ml,21.79,"{""department"": ""LIQUOR"", ""vendor"": ""NULL"", ""description"": ""NULL""}",.00000000,low_margin,085156775002
LIQUOR,,2020-05-12 00:00:00,Ketel One Vodka 1.75L,32.69,"{""department"": ""LIQUOR"", ""vendor"": ""NULL"", ""description"": ""NULL""}",.00000000,low_margin,085156803682
LIQUOR,,2020-04-29 00:00:00,Ketel One Cucumber & Mint Vodka 750ml,21.79,"{""department"": ""LIQUOR"", ""vendor"": ""NULL"", ""description"": ""NULL""}",.00000000,low_margin,085156875009
WINE,,2020-05-09 00:00:00,Cab Sauv Fre,8.55,"{""department"": ""WINE"", ""vendor"": ""NONE"", ""description"": ""NULL""}",.00000000,high_margin,08516123
WINE,,2020-05-06 00:00:00,Pinot Noir Life Vine,16.34,"{""department"": ""WINE"", ""vendor"": ""NONE"", ""description"": ""NULL""}",.00000000,low_margin,0852411007969
LIQUOR,,2020-05-03 00:00:00,Maker's Mark 1.75L Whiskey,65.39,"{""department"": ""LIQUOR"", ""vendor"": ""NULL"", ""description"": ""NULL""}",.00000000,low_margin,085246139417
LIQUOR,,2020-05-06 00:00:00,Maker's Mark 750ml Whiskey,32.69,"{""department"": ""LIQUOR"", ""vendor"": ""NULL"", ""description"": ""NULL""}",.00000000,low_margin,085246139431
LIQUOR,,2020-03-07 00:00:00,Makers mark 375ml Makers mark,20.7,"{""department"": ""LIQUOR"", ""vendor"": ""NONE"", ""description"": ""NULL""}",.00000000,low_margin,085246185001
LIQUOR,,2020-02-25 00:00:00,Marker's 46 750ml Whiskey,49.04,"{""department"": ""LIQUOR"", ""vendor"": ""NULL"", ""description"": ""NULL""}",.00000000,low_margin,085246500101
LIQUOR,,2020-04-17 00:00:00,Gallo Extra Dry Vermouth 750ml Liqueur,7.62,"{""department"": ""LIQUOR"", ""vendor"": ""NULL"", ""description"": ""NULL""}",.00000000,low_margin,08569107
WINE,,2020-02-21 00:00:00,Manischewitz Manischewitz,6.41,"{""department"": ""WINE"", ""vendor"": ""NONE"", ""description"": ""NULL""}",.00000000,high_margin,085976033931
WINE,,2020-04-11 00:00:00,The Prisoner The Pisoner,50.13,"{""department"": ""WINE"", ""vendor"": ""NONE"", ""description"": ""NULL""}",.00000000,low_margin,086003255067
WINE,,2020-03-05 00:00:00,RM Bourbon Cab RM,10.69,"{""department"": ""WINE"", ""vendor"": ""NONE"", ""description"": ""NULL""}",.00000000,high_margin,086003820753
WINE,,2020-02-11 00:00:00,Charles Krug Chard 750ml Domestic,19.25,"{""department"": ""WINE"", ""vendor"": ""NULL"", ""description"": ""NULL""}",.00000000,high_margin,086012102833
WINE,,2020-05-17 00:00:00,Fortissimo 3lt Fortissimo,21.79,"{""department"": ""WINE"", ""vendor"": ""NONE"", ""description"": ""NULL""}",.00000000,low_margin,086012500455
LIQUOR,,2020-05-18 00:00:00,Baileys 1.75ml Baileys 1.75ml,43.59,"{""department"": ""LIQUOR"", ""vendor"": ""NONE"", ""description"": ""NULL""}",.00000000,low_margin,086767210029
LIQUOR,,2020-04-14 00:00:00,Irish Cream 375ml Baileys,16.34,"{""department"": ""LIQUOR"", ""vendor"": ""NONE"", ""description"": ""NULL""}",.00000000,low_margin,086767210098
LIQUOR,,2020-04-14 00:00:00,Sambvca 375ml Romona,17.43,"{""department"": ""LIQUOR"", ""vendor"": ""NONE"", ""description"": ""NULL""}",.00000000,low_margin,086767220097
LIQUOR,,2020-05-15 00:00:00,Bailey's Minis 4pk 100ml Liqueur,13.07,"{""department"": ""LIQUOR"", ""vendor"": ""NULL"", ""description"": ""NULL""}",.00000000,low_margin,086767701367
WINE,,2020-05-16 00:00:00,Cavit Pinot Grigio 1.5L Import,13.07,"{""department"": ""WINE"", ""vendor"": ""NULL"", ""description"": ""NULL""}",.00000000,low_margin,086785000039
WINE,,2020-05-19 00:00:00,Cavit Pinot Grigio 750ml Import,8.55,"{""department"": ""WINE"", ""vendor"": ""NULL"", ""description"": ""NULL""}",.00000000,high_margin,086785000084
WINE,,2020-05-15 00:00:00,Roscato Sweet Red 750ml Import,13.9,"{""department"": ""WINE"", ""vendor"": ""NULL"", ""description"": ""NULL""}",.00000000,high_margin,086785110738
WINE,,2020-05-09 00:00:00,Cavit Chard 1.5L Import,12.83,"{""department"": ""WINE"", ""vendor"": ""NULL"", ""description"": ""NULL""}",.00000000,high_margin,086785211190
WINE,,2020-01-05 00:00:00,Cavit Pinot Noir 1.5L Import,12.83,"{""department"": ""WINE"", ""vendor"": ""NULL"", ""description"": ""NULL""}",.00000000,high_margin,086785211503
WINE,,2020-03-14 00:00:00,Cavit Riesling 1.5L Import,12.83,"{""department"": ""WINE"", ""vendor"": ""NULL"", ""description"": ""NULL""}",.00000000,high_margin,086785212081
WINE,,2020-04-25 00:00:00,Cab Sav Callia,9.62,"{""department"": ""WINE"", ""vendor"": ""NONE"", ""description"": ""NULL""}",.00000000,high_margin,086785750804
WINE,,2020-03-25 00:00:00,Pinot Noir Hahn,15.25,"{""department"": ""WINE"", ""vendor"": ""NONE"", ""description"": ""NULL""}",.00000000,low_margin,086788888023
LIQUOR,,2020-03-19 00:00:00,Bulleit 1.75ml Bulleit,62.12,"{""department"": ""LIQUOR"", ""vendor"": ""NONE"", ""description"": ""NULL""}",.00000000,low_margin,087000004047
LIQUOR,,2020-05-19 00:00:00,Crown Royal 750ml Whiskey,32.69,"{""department"": ""LIQUOR"", ""vendor"": ""NULL"", ""description"": ""NULL""}",.00000000,low_margin,087000007253
LIQUOR,,2020-03-25 00:00:00,Crown royal 50ml Crown royal,4.27,"{""department"": ""LIQUOR"", ""vendor"": ""NONE"", ""description"": ""NULL""}",.00000000,high_margin,08719902
LIQUOR,,2020-05-15 00:00:00,Cointreau 750ml Liqueur,39.23,"{""department"": ""LIQUOR"", ""vendor"": ""NULL"", ""description"": ""NULL""}",.00000000,low_margin,087236565107
LIQUOR,,2020-05-05 00:00:00,Cointreau 375ml Cointreau,23.97,"{""department"": ""LIQUOR"", ""vendor"": ""NONE"", ""description"": ""NULL""}",.00000000,low_margin,087236565206
LIQUOR,,2020-01-18 00:00:00,Cointreau 50ml Cointreau,4.35,"{""department"": ""LIQUOR"", ""vendor"": ""NONE"", ""description"": ""NULL""}",.00000000,low_margin,087236565305
LIQUOR,,2020-05-13 00:00:00,Mount Gay Eclipse 1.75L Rum,38.14,"{""department"": ""LIQUOR"", ""vendor"": ""NULL"", ""description"": ""NULL""}",.00000000,low_margin,087236950019
LIQUOR,,2020-02-09 00:00:00,Mount Gay Eclipse 750ml Rum,21.79,"{""department"": ""LIQUOR"", ""vendor"": ""NULL"", ""description"": ""NULL""}",.00000000,low_margin,087236950033
LIQUOR,,2020-04-11 00:00:00,Choco Liqu 50ml Godiva,4.27,"{""department"": ""LIQUOR"", ""vendor"": ""NONE"", ""description"": ""NULL""}",.00000000,high_margin,08731603
LIQUOR,,2020-04-10 00:00:00,Seagrams VO 50ml Canadian Whiskey,2.18,"{""department"": ""LIQUOR"", ""vendor"": ""NULL"", ""description"": ""NULL""}",.00000000,low_margin,08732709
WINE,,2020-01-09 00:00:00,Clos du Bois Pinot Noir 750ml Domestic,11.76,"{""department"": ""WINE"", ""vendor"": ""NULL"", ""description"": ""NULL""}",.00000000,high_margin,087356442128
WINE,,2020-05-13 00:00:00,Clos Du Bois Pinot Grigio 750ml Domestic,11.76,"{""department"": ""WINE"", ""vendor"": ""NULL"", ""description"": ""NULL""}",.00000000,high_margin,087356510445
LIQUOR,,2020-02-01 00:00:00,Bulleit 1.75ml Bulleit,59.94,"{""department"": ""LIQUOR"", ""vendor"": ""NONE"", ""description"": ""NULL""}",.00000000,low_margin,08740407
WINE,,2020-05-09 00:00:00,Rodney Strong Chardonnay,14.97,"{""department"": ""WINE"", ""vendor"": ""NONE"", ""description"": ""NULL""}",.00000000,high_margin,087512913257
WINE,,2020-05-06 00:00:00,Knights Valley Rodney Strong,27.81,"{""department"": ""WINE"", ""vendor"": ""NONE"", ""description"": ""NULL""}",.00000000,high_margin,087512929364
WINE,,2020-05-14 00:00:00,Alexander Valley Rodney Strong,23.53,"{""department"": ""WINE"", ""vendor"": ""NONE"", ""description"": ""NULL""}",.00000000,high_margin,087512929685
LIQUOR,,2020-04-09 00:00:00,White Cho 50ml Godiva,4.27,"{""department"": ""LIQUOR"", ""vendor"": ""NONE"", ""description"": ""NULL""}",.00000000,high_margin,08755506
LIQUOR,,2020-03-05 00:00:00,Dalmore 12 Years 750ml Scotch,70.84,"{""department"": ""LIQUOR"", ""vendor"": ""NULL"", ""description"": ""NULL""}",.00000000,low_margin,087647111672
BEER,,2020-05-16 00:00:00,Truly Lime 6 x 12oz,10.89,"{""department"": ""BEER"", ""vendor"": ""NULL"", ""description"": ""NULL""}",.00000000,low_margin,087692004172
BEER,,2020-05-16 00:00:00,Truly Berry Variety Pack 12 x 12oz,18.08,"{""department"": ""BEER"", ""vendor"": ""9787772213"", ""description"": ""NULL""}",.00000000,low_margin,087692006862
BEER,,2020-05-18 00:00:00,Truly Tropical Variety Pack 12 x 12oz,18.08,"{""department"": ""BEER"", ""vendor"": ""9787772213"", ""description"": ""NULL""}",.00000000,low_margin,087692008040
BEER,,2020-05-18 00:00:00,Berry24oz Truly,3.21,"{""department"": ""BEER"", ""vendor"": ""NONE"", ""description"": ""NULL""}",.00000000,high_margin,087692009511
BEER,,2020-05-16 00:00:00,Truly Pineapple 6 x 12oz,10.69,"{""department"": ""BEER"", ""vendor"": ""NULL"", ""description"": ""NULL""}",.00000000,high_margin,087692009658
BEER,,2020-05-13 00:00:00,Pine 24oz Truly,3.21,"{""department"": ""BEER"", ""vendor"": ""NONE"", ""description"": ""NULL""}",.00000000,high_margin,087692009702
BEER,,2020-05-16 00:00:00,Truly Watermelon & Kiwi 6 x 12oz,10.69,"{""department"": ""BEER"", ""vendor"": ""NULL"", ""description"": ""NULL""}",.00000000,high_margin,087692009894
WINE,,2020-03-16 00:00:00,Predator Zinfandel 750ml Domestic,16.04,"{""department"": ""WINE"", ""vendor"": ""NULL"", ""description"": ""NULL""}",.00000000,high_margin,087712202120
LIQUOR,,2020-05-16 00:00:00,Eagle Rare 750ml Whiskey,35.96,"{""department"": ""LIQUOR"", ""vendor"": ""NULL"", ""description"": ""NULL""}",.00000000,low_margin,088004021344
LIQUOR,,2020-02-20 00:00:00,Dr. McGillicuddy Irish 750ml Whiskey,21.79,"{""department"": ""LIQUOR"", ""vendor"": ""NULL"", ""description"": ""NULL""}",.00000000,low_margin,088004023478
LIQUOR,,2020-05-15 00:00:00,Sea Ice 375ml Vodka,5.34,"{""department"": ""LIQUOR"", ""vendor"": ""NONE"", ""description"": ""NULL""}",.00000000,high_margin,088004028244
LIQUOR,,2020-03-23 00:00:00,Johnnie Walker Red Label Scotch 1.75L,37.05,"{""department"": ""LIQUOR"", ""vendor"": ""NULL"", ""description"": ""NULL""}",.00000000,low_margin,088076163164
LIQUOR,,2020-04-23 00:00:00,Gold Label 750ml Johnnie Walker,98.09,"{""department"": ""LIQUOR"", ""vendor"": ""NONE"", ""description"": ""NULL""}",.00000000,low_margin,088076178243
LIQUOR,,2020-04-21 00:00:00,Summer watermelon Ciroc,32.69,"{""department"": ""LIQUOR"", ""vendor"": ""NONE"", ""description"": ""NULL""}",.00000000,low_margin,088076183728
LIQUOR,,2020-04-25 00:00:00,Johnnie Walker Black Label Scotch 750ml,43.59,"{""department"": ""LIQUOR"", ""vendor"": ""NULL"", ""description"": ""NULL""}",.00000000,low_margin,088110011307
LIQUOR,,2020-05-04 00:00:00,Johnnie Walker Redlabel 750ml Scotch whiskey,28.33,"{""department"": ""LIQUOR"", ""vendor"": ""NONE"", ""description"": ""NULL""}",.00000000,low_margin,088110021306
LIQUOR,,2020-04-03 00:00:00,Lagavulin 16 Years 750ml Scotch,82.83,"{""department"": ""LIQUOR"", ""vendor"": ""NULL"", ""description"": ""NULL""}",.00000000,low_margin,088110140052
LIQUOR,,2020-04-30 00:00:00,Hennessy 50ml Cognac,4.35,"{""department"": ""LIQUOR"", ""vendor"": ""NULL"", ""description"": ""NULL""}",.00000000,low_margin,088110150501
LIQUOR,,2020-04-18 00:00:00,Cognac 375ml Hennessy,22.89,"{""department"": ""LIQUOR"", ""vendor"": ""NONE"", ""description"": ""NULL""}",.00000000,low_margin,088110150624
LIQUOR,,2020-03-05 00:00:00,Oban 14 Years 750ml Scotch,65.39,"{""department"": ""LIQUOR"", ""vendor"": ""NULL"", ""description"": ""NULL""}",.00000000,low_margin,088110160050
WINE,,2020-05-09 00:00:00,Moet & Chandon Imperial Sparkl 750ml Import,49.04,"{""department"": ""WINE"", ""vendor"": ""NULL"", ""description"": ""NULL""}",.00000000,low_margin,088110551056
LIQUOR,,2020-05-05 00:00:00,Grand Marnier Liqueur,40.32,"{""department"": ""LIQUOR"", ""vendor"": ""NONE"", ""description"": ""NULL""}",.00000000,low_margin,088110931032
WINE,,2020-05-17 00:00:00,The Palm Whispering,17.11,"{""department"": ""WINE"", ""vendor"": ""NONE"", ""description"": ""NULL""}",.00000000,high_margin,088320002089
LIQUOR,,2020-05-15 00:00:00,Coffee 375ml Arrow,7.48,"{""department"": ""LIQUOR"", ""vendor"": ""NONE"", ""description"": ""NULL""}",.00000000,high_margin,088352119007
LIQUOR,,2020-05-16 00:00:00,Triple Sec 375ml Arrow,7.48,"{""department"": ""LIQUOR"", ""vendor"": ""NONE"", ""description"": ""NULL""}",.00000000,high_margin,088352119069
WINE,,2020-05-10 00:00:00,Simi Cab Sav Simi,21.79,"{""department"": ""WINE"", ""vendor"": ""NONE"", ""description"": ""NULL""}",.00000000,low_margin,088415780557
WINE,,2020-05-19 00:00:00,Relax Riesling 750ml Import,11.98,"{""department"": ""WINE"", ""vendor"": ""NULL"", ""description"": ""NULL""}",.00000000,low_margin,088474022407
WINE,,2020-04-22 00:00:00,Intrinsic Cab Sav 750ml Domestic,21.39,"{""department"": ""WINE"", ""vendor"": ""NULL"", ""description"": ""NULL""}",.00000000,high_margin,088586007859
WINE,,2020-05-15 00:00:00,Chateau Ste Michelle Merlot 750ml Domestic,16.04,"{""department"": ""WINE"", ""vendor"": ""NULL"", ""description"": ""NULL""}",.00000000,high_margin,088586602832
WINE,,2020-05-08 00:00:00,St Michelle Chard,12.83,"{""department"": ""WINE"", ""vendor"": ""NONE"", ""description"": ""NULL""}",.00000000,high_margin,088586603846
LIQUOR,,2020-02-22 00:00:00,Gordons Gin 50ml,1.6,"{""department"": ""LIQUOR"", ""vendor"": ""NULL"", ""description"": ""NULL""}",.00000000,high_margin,088600000057
LIQUOR,,2020-05-16 00:00:00,Gordon's 1.75L Gin,21.79,"{""department"": ""LIQUOR"", ""vendor"": ""NULL"", ""description"": ""NULL""}",.00000000,low_margin,08860032
LIQUOR,,2020-04-28 00:00:00,Gordon's 1.75L Vodka,22.46,"{""department"": ""LIQUOR"", ""vendor"": ""NULL"", ""description"": ""NULL""}",.00000000,high_margin,08861031
LIQUOR,,2020-01-26 00:00:00,Gordons Vodka 375ml Vodka,7.62,"{""department"": ""LIQUOR"", ""vendor"": ""NULL"", ""description"": ""NULL""}",.00000000,low_margin,08861633
WINE,,2020-05-15 00:00:00,Sterling Cab Sav 750ml Domestic,11.98,"{""department"": ""WINE"", ""vendor"": ""NULL"", ""description"": ""NULL""}",.00000000,low_margin,088692860232
WINE,,2020-02-21 00:00:00,Sterling Pinot Noir 750ml Domestic,11.98,"{""department"": ""WINE"", ""vendor"": ""NULL"", ""description"": ""NULL""}",.00000000,low_margin,088692862106
WINE,,2020-04-29 00:00:00,J Lohr Chard 750ml Domestic,12.83,"{""department"": ""WINE"", ""vendor"": ""NULL"", ""description"": ""NULL""}",.00000000,high_margin,089121068823
WINE,,2020-05-15 00:00:00,J Lohr Cab Sav 750ml Domestic,18.52,"{""department"": ""WINE"", ""vendor"": ""NULL"", ""description"": ""NULL""}",.00000000,low_margin,089121288122
WINE,,2020-05-02 00:00:00,Cantina Zaccagnini Montepulciano,17.43,"{""department"": ""WINE"", ""vendor"": ""NONE"", ""description"": ""NULL""}",.00000000,low_margin,089475501014
WINE,,2020-05-12 00:00:00,Cantina Zaccagnini Pinot Grigio,17.43,"{""department"": ""WINE"", ""vendor"": ""NONE"", ""description"": ""NULL""}",.00000000,low_margin,089475501199
LIQUOR,,2020-05-17 00:00:00,Tanqueray Gin 50ml,1.87,"{""department"": ""LIQUOR"", ""vendor"": ""NULL"", ""description"": ""NULL""}",.00000000,high_margin,08950000
WINE,,2020-05-16 00:00:00,Kahlua Liqueur 1.5L Import,42.5,"{""department"": ""WINE"", ""vendor"": ""NULL"", ""description"": ""NULL""}",.00000000,low_margin,089540122694
LIQUOR,,2020-05-05 00:00:00,Kahlua Liqueur 750ml Import,25.06,"{""department"": ""LIQUOR"", ""vendor"": ""NULL"", ""description"": ""NULL""}",.00000000,low_margin,089540122717
LIQUOR,,2020-05-13 00:00:00,Rum & Coffee Kahlua,9.62,"{""department"": ""LIQUOR"", ""vendor"": ""NONE"", ""description"": ""NULL""}",.00000000,high_margin,089540122731
LIQUOR,,2020-04-01 00:00:00,Kahlua Liqueur 50ml,2.45,"{""department"": ""LIQUOR"", ""vendor"": ""NULL"", ""description"": ""NULL""}",.00000000,low_margin,089540122748
LIQUOR,,2020-05-15 00:00:00,Hiram Walker Peppermint 750ml Liqueur,13.9,"{""department"": ""LIQUOR"", ""vendor"": ""NULL"", ""description"": ""NULL""}",.00000000,high_margin,089540125220
LIQUOR,,2020-05-16 00:00:00,Rum & Coffee 375ml Kahlua,16.04,"{""department"": ""LIQUOR"", ""vendor"": ""NONE"", ""description"": ""NULL""}",.00000000,high_margin,089540145631
LIQUOR,,2020-05-02 00:00:00,Malibu 750ml Liqueur,20.7,"{""department"": ""LIQUOR"", ""vendor"": ""NULL"", ""description"": ""NULL""}",.00000000,low_margin,089540448992
LIQUOR,,2020-05-02 00:00:00,Malibu Rum 375ml,11.98,"{""department"": ""LIQUOR"", ""vendor"": ""NULL"", ""description"": ""NULL""}",.00000000,low_margin,089540449036
LIQUOR,,2020-05-02 00:00:00,Malibu 1.75L Liqueur,31.6,"{""department"": ""LIQUOR"", ""vendor"": ""NULL"", ""description"": ""NULL""}",.00000000,low_margin,089540449326
LIQUOR,,2020-04-08 00:00:00,Malibu 50ml Liqueur,1.87,"{""department"": ""LIQUOR"", ""vendor"": ""NULL"", ""description"": ""NULL""}",.00000000,high_margin,089540453927
LIQUOR,,2020-05-02 00:00:00,Malibu Pineapple 750ml Liqueur,20.7,"{""department"": ""LIQUOR"", ""vendor"": ""NULL"", ""description"": ""NULL""}",.00000000,low_margin,089540463131
LIQUOR,,2020-05-08 00:00:00,Rubinoff 1.75L Vodka,14.16,"{""department"": ""LIQUOR"", ""vendor"": ""NULL"", ""description"": ""NULL""}",.00000000,low_margin,089552100116
LIQUOR,,2020-05-14 00:00:00,Rubinoff 1L Vodka,9.8,"{""department"": ""LIQUOR"", ""vendor"": ""NULL"", ""description"": ""NULL""}",.00000000,low_margin,089552100130
LIQUOR,,2020-05-11 00:00:00,Rubinoff 375ml Vodka,4.91,"{""department"": ""LIQUOR"", ""vendor"": ""NULL"", ""description"": ""NULL""}",.00000000,low_margin,089552100147
LIQUOR,,2020-05-16 00:00:00,Rubinoff 200ml Vodka,2.94,"{""department"": ""LIQUOR"", ""vendor"": ""NULL"", ""description"": ""NULL""}",.00000000,high_margin,089552100154
LIQUOR,,2020-03-20 00:00:00,Rubinoff Raspberry Vodka,14.16,"{""department"": ""LIQUOR"", ""vendor"": ""NULL"", ""description"": ""NULL""}",.00000000,low_margin,089552100246
LIQUOR,,2020-05-16 00:00:00,Rubinoff Pink Lemonade 1.75L Vodka,14.16,"{""department"": ""LIQUOR"", ""vendor"": ""NULL"", ""description"": ""NULL""}",.00000000,low_margin,089552100635
LIQUOR,,2020-01-11 00:00:00,Rubinoff Blue Raspberry Vodka,14.16,"{""department"": ""LIQUOR"", ""vendor"": ""NULL"", ""description"": ""NULL""}",.00000000,low_margin,089552110108
LIQUOR,,2020-05-12 00:00:00,Rubinoff Watermelon 1.75L Vodka,14.16,"{""department"": ""LIQUOR"", ""vendor"": ""NULL"", ""description"": ""NULL""}",.00000000,low_margin,089552921650
WINE,,2020-05-15 00:00:00,Gabbiano Chianti 750ml Import,7.48,"{""department"": ""WINE"", ""vendor"": ""NULL"", ""description"": ""NULL""}",.00000000,high_margin,089819501458
WINE,,2020-05-13 00:00:00,Chateau St Jean Pinot Noir 750ml Domestic,14.16,"{""department"": ""WINE"", ""vendor"": ""NULL"", ""description"": ""NULL""}",.00000000,low_margin,089819542987
WINE,,2020-05-01 00:00:00,Sav Block 19 Crimes,10.69,"{""department"": ""WINE"", ""vendor"": ""NONE"", ""description"": ""NULL""}",.00000000,high_margin,089819723560
WINE,,2020-02-18 00:00:00,Chateau St Jean Merlot 750ml Domestic,13.9,"{""department"": ""WINE"", ""vendor"": ""NULL"", ""description"": ""NULL""}",.00000000,high_margin,089819796885
LIQUOR,,2020-02-29 00:00:00,Elijah Craig Small Batch,35.96,"{""department"": ""LIQUOR"", ""vendor"": ""NONE"", ""description"": ""NULL""}",.00000000,low_margin,096749000067
LIQUOR,,2020-04-27 00:00:00,Evan william 1.75 Bourbon,24.6,"{""department"": ""LIQUOR"", ""vendor"": ""NONE"", ""description"": ""NULL""}",.00000000,high_margin,096749021147
LIQUOR,,2020-03-25 00:00:00,Larceny 750ml Larceny,29.42,"{""department"": ""LIQUOR"", ""vendor"": ""NONE"", ""description"": ""NULL""}",.00000000,low_margin,096749031559
LIQUOR,,2020-03-23 00:00:00,Vodka Khor,1.87,"{""department"": ""LIQUOR"", ""vendor"": ""NONE"", ""description"": ""NULL""}",.00000000,high_margin,4820163121710
WINE,,2020-04-04 00:00:00,Paxis Red Blend 750ml Import,10.69,"{""department"": ""WINE"", ""vendor"": ""NULL"", ""description"": ""NULL""}",.00000000,high_margin,5600312192049
WINE,,2020-03-14 00:00:00,Paxis Rose,10.69,"{""department"": ""WINE"", ""vendor"": ""NONE"", ""description"": ""NULL""}",.00000000,high_margin,5600312192278
WINE,,2020-03-07 00:00:00,Chateau Cabredon Bordeaux 750ml Import,12.83,"{""department"": ""WINE"", ""vendor"": ""NULL"", ""description"": ""NULL""}",.00000000,high_margin,601083370150
BEER,,2020-05-18 00:00:00,Ipswich ale Ipswich ale,11.98,"{""department"": ""BEER"", ""vendor"": ""NONE"", ""description"": ""NULL""}",.00000000,low_margin,606813009072
Soda,,2020-05-19 00:00:00,Margarita Mix Zing Zang,6.41,"{""department"": ""Soda"", ""vendor"": ""NONE"", ""description"": ""NULL""}",.00000000,high_margin,616003945219
BEER,,2020-05-16 00:00:00,Green Rabbit howler brew,16.34,"{""department"": ""BEER"", ""vendor"": ""NONE"", ""description"": ""NULL""}",.00000000,low_margin,616806910124
LIQUOR,,2020-05-17 00:00:00,Svedka 1LT Import Vodka,17.43,"{""department"": ""LIQUOR"", ""vendor"": ""NONE"", ""description"": ""NULL""}",.00000000,low_margin,617768111109
BEER,,2020-05-19 00:00:00,White Claw Raspberry 6 x 12oz,10.89,"{""department"": ""BEER"", ""vendor"": ""9787772213"", ""description"": ""NULL""}",.00000000,low_margin,635985260660
BEER,,2020-05-19 00:00:00,White Claw Variety 12 x 12oz,18.08,"{""department"": ""BEER"", ""vendor"": ""9787772213"", ""description"": ""NULL""}",.00000000,low_margin,635985548904
BEER,,2020-05-19 00:00:00,Variety No2 White Claw,18.08,"{""department"": ""BEER"", ""vendor"": ""NONE"", ""description"": ""NULL""}",.00000000,low_margin,635985800064
BEER,,2020-05-18 00:00:00,Stone Delicious IPA 12 x 12oz C,20.96,"{""department"": ""BEER"", ""vendor"": ""NULL"", ""description"": ""NULL""}",.00000000,high_margin,636251742040
BEER,,2020-03-27 00:00:00,Nugget Nectar Troges,15.25,"{""department"": ""BEER"", ""vendor"": ""NONE"", ""description"": ""NULL""}",.00000000,low_margin,637704071137
BEER,,2020-05-14 00:00:00,Pipeworks Pineapple Guppy 4 x 16oz,10.69,"{""department"": ""BEER"", ""vendor"": ""6172944233"", ""description"": ""NULL""}",.00000000,high_margin,641076983004
WINE,,2020-05-15 00:00:00,Colle Secco Montepulciano 750ml Import,14.97,"{""department"": ""WINE"", ""vendor"": ""NULL"", ""description"": ""NULL""}",.00000000,high_margin,642495544593
BEER,,2020-04-18 00:00:00,Female Lead Night Shift,18.52,"{""department"": ""BEER"", ""vendor"": ""NONE"", ""description"": ""NULL""}",.00000000,low_margin,644216252503
BEER,,2020-05-16 00:00:00,NSB Santilli 12 x 12oz,20.26,"{""department"": ""BEER"", ""vendor"": ""6172944233"", ""description"": ""NULL""}",.00000000,low_margin,644216259601
BEER,,2020-05-19 00:00:00,NSB Fluffinity 4 x 16oz,16.25,"{""department"": ""BEER"", ""vendor"": ""6172944233"", ""description"": ""NULL""}",.00000000,high_margin,644216260904
BEER,,2020-03-13 00:00:00,Owl vs unicorn Night shift,17.43,"{""department"": ""BEER"", ""vendor"": ""NONE"", ""description"": ""NULL""}",.00000000,low_margin,644216262304
BEER,,2020-04-16 00:00:00,How r Ya Night Shift,16.34,"{""department"": ""BEER"", ""vendor"": ""NONE"", ""description"": ""NULL""}",.00000000,low_margin,644216264803
LIQUOR,,2020-05-13 00:00:00,Grand Marnier Liqueur 50ml,4.35,"{""department"": ""LIQUOR"", ""vendor"": ""NULL"", ""description"": ""NULL""}",.00000000,low_margin,649188900360
LIQUOR,,2020-05-05 00:00:00,Cognac & Orange 375ml Grand Marnier,23.98,"{""department"": ""LIQUOR"", ""vendor"": ""NONE"", ""description"": ""NULL""}",.00000000,low_margin,649188900469
LIQUOR,,2020-05-09 00:00:00,Grand Marnier 750ml Liqueur,39.58,"{""department"": ""LIQUOR"", ""vendor"": ""NULL"", ""description"": ""NULL""}",.00000000,high_margin,649188900476
WINE,,2020-04-23 00:00:00,Michael David 7 Dead Zinfandel 750ml Domestic,19.25,"{""department"": ""WINE"", ""vendor"": ""NULL"", ""description"": ""NULL""}",.00000000,high_margin,652935100012
WINE,,2020-04-17 00:00:00,EarthQuake Cab EarthQuake,26.74,"{""department"": ""WINE"", ""vendor"": ""NONE"", ""description"": ""NULL""}",.00000000,high_margin,652935100067
WINE,,2020-04-19 00:00:00,Michael David Freaksho Cab Sav 750ml Domestic,21.39,"{""department"": ""WINE"", ""vendor"": ""NULL"", ""description"": ""NULL""}",.00000000,high_margin,652935100333
WINE,,2020-03-13 00:00:00,Red Blend M David,13.9,"{""department"": ""WINE"", ""vendor"": ""NONE"", ""description"": ""NULL""}",.00000000,high_margin,652935100449
BEER,,2020-01-20 00:00:00,Jack's Abby House Lager 6 x 16oz,12.08,"{""department"": ""BEER"", ""vendor"": ""Atlantic"", ""description"": ""NULL""}",.00000000,high_margin,662425078554
BEER,,2020-01-29 00:00:00,Jack's Abby Seasonal 6pk 16oz Craft,11.98,"{""department"": ""BEER"", ""vendor"": ""NULL"", ""description"": ""NULL""}",.00000000,low_margin,662425083916
BEER,,2020-02-02 00:00:00,Jack's Abby Hoponius Union 6pk 16oz Craft,11.98,"{""department"": ""BEER"", ""vendor"": ""NULL"", ""description"": ""NULL""}",.00000000,low_margin,662425087907
BEER,,2020-03-25 00:00:00,Jack's Abby Blood Orange 6pk 16oz Craft,11.98,"{""department"": ""BEER"", ""vendor"": ""NULL"", ""description"": ""NULL""}",.00000000,low_margin,662425087945
BEER,,2020-05-02 00:00:00,Springdale IPA Springdale,13.9,"{""department"": ""BEER"", ""vendor"": ""NONE"", ""description"": ""NULL""}",.00000000,high_margin,662425097814
BEER,,2020-05-08 00:00:00,Galaxy Brau Jacks Abby,12.2,"{""department"": ""BEER"", ""vendor"": ""NONE"", ""description"": ""NULL""}",.00000000,low_margin,662425097890
WINE,,2020-05-13 00:00:00,Mi Amore Red 750 Import,10.69,"{""department"": ""WINE"", ""vendor"": ""NULL"", ""description"": ""NULL""}",.00000000,high_margin,672762000149
LIQUOR,,2020-01-30 00:00:00,Willett Bourbon Willett,53.49,"{""department"": ""LIQUOR"", ""vendor"": ""NONE"", ""description"": ""NULL""}",.00000000,high_margin,680203019353
Soda,,2020-05-19 00:00:00,Hand sanitizer Fabrizia,6.41,"{""department"": ""Soda"", ""vendor"": ""NONE"", ""description"": ""NULL""}",.00000000,high_margin,686557533224
WINE,,2020-05-16 00:00:00,Kim Crawford Sav Blanc 750ml Import,17.43,"{""department"": ""WINE"", ""vendor"": ""NULL"", ""description"": ""NULL""}",.00000000,low_margin,689352009611
WINE,,2020-04-11 00:00:00,Sensi Prosecco 750ml Import,23.97,"{""department"": ""WINE"", ""vendor"": ""NONE"", ""description"": ""NULL""}",.00000000,low_margin,690304177555
WINE,,2020-05-17 00:00:00,Pinot Noir Rose Sensi,23.97,"{""department"": ""WINE"", ""vendor"": ""NONE"", ""description"": ""NULL""}",.00000000,low_margin,690304177562
BEER,,2020-05-18 00:00:00,NSB Whirlpool 4 x 16oz,14.38,"{""department"": ""BEER"", ""vendor"": ""6172944233"", ""description"": ""NULL""}",.00000000,low_margin,696859292309
BEER,,2020-05-19 00:00:00,NSB Santilli 4 x 16oz,14.38,"{""department"": ""BEER"", ""vendor"": ""6172944233"", ""description"": ""NULL""}",.00000000,low_margin,696859292392
BEER,,2020-05-19 00:00:00,NSB The 87 4 x 16oz,16.56,"{""department"": ""BEER"", ""vendor"": ""6172944233"", ""description"": ""NULL""}",.00000000,low_margin,696859292422
BEER,,2020-03-13 00:00:00,Pfaffnheck Night shift,14.38,"{""department"": ""BEER"", ""vendor"": ""NONE"", ""description"": ""NULL""}",.00000000,low_margin,696859292514
BEER,,2020-01-27 00:00:00,bennington Night Shift,16.34,"{""department"": ""BEER"", ""vendor"": ""NONE"", ""description"": ""NULL""}",.00000000,low_margin,696859292613
WINE,,2020-05-17 00:00:00,Basso Chianti Poggio Basso,10.69,"{""department"": ""WINE"", ""vendor"": ""NONE"", ""description"": ""NULL""}",.00000000,high_margin,6976915164486
WINE,,2020-05-15 00:00:00,Chateau Clairac Cotes de Borde 750ml Import,12.83,"{""department"": ""WINE"", ""vendor"": ""NULL"", ""description"": ""NULL""}",.00000000,high_margin,702685043180
BEER,,2020-05-08 00:00:00,Maine Beer Zoe Single 16oz Craft,7.58,"{""department"": ""BEER"", ""vendor"": ""NULL"", ""description"": ""NULL""}",.00000000,low_margin,705105321462
BEER,,2020-05-05 00:00:00,Lunch Main Beer,8.56,"{""department"": ""BEER"", ""vendor"": ""NONE"", ""description"": ""NULL""}",.00000000,high_margin,705105321660
BEER,,2020-05-08 00:00:00,Fall Main Beer Company,7.63,"{""department"": ""BEER"", ""vendor"": ""NONE"", ""description"": ""NULL""}",.00000000,low_margin,706954911903
WINE,,2020-03-12 00:00:00,Hess Select Cab Sav 750ml Domestic,18.52,"{""department"": ""WINE"", ""vendor"": ""NULL"", ""description"": ""NULL""}",.00000000,low_margin,717888510025
LIQUOR,,2020-05-14 00:00:00,Espolon Anejo,43.59,"{""department"": ""LIQUOR"", ""vendor"": ""NONE"", ""description"": ""NULL""}",.00000000,low_margin,721059001298
LIQUOR,,2020-04-23 00:00:00,Campari 50ml Campari,3.2,"{""department"": ""LIQUOR"", ""vendor"": ""NONE"", ""description"": ""NULL""}",.00000000,high_margin,721059003063
LIQUOR,,2020-04-25 00:00:00,Campari 750ml Campari,32.69,"{""department"": ""LIQUOR"", ""vendor"": ""NONE"", ""description"": ""NULL""}",.00000000,low_margin,721059047500
LIQUOR,,2020-05-19 00:00:00,Espolon Blanco 750ml Tequila,27.24,"{""department"": ""LIQUOR"", ""vendor"": ""NULL"", ""description"": ""NULL""}",.00000000,low_margin,721059707503
LIQUOR,,2020-05-15 00:00:00,Espolon Reposado 750ml Tequila,27.24,"{""department"": ""LIQUOR"", ""vendor"": ""NULL"", ""description"": ""NULL""}",.00000000,low_margin,721059707510
LIQUOR,,2020-02-21 00:00:00,Frangelico 50ml Frangelico,4.27,"{""department"": ""LIQUOR"", ""vendor"": ""NONE"", ""description"": ""NULL""}",.00000000,high_margin,721059980500
LIQUOR,,2020-05-08 00:00:00,Goslings Black Seal 1.75L Rum,34.87,"{""department"": ""LIQUOR"", ""vendor"": ""NULL"", ""description"": ""NULL""}",.00000000,low_margin,721094199035
LIQUOR,,2020-05-03 00:00:00,Goslings Black Seal 750ml Rum,22.88,"{""department"": ""LIQUOR"", ""vendor"": ""NULL"", ""description"": ""NULL""}",.00000000,low_margin,721094199059
LIQUOR,,2020-01-08 00:00:00,Goslings 151 Black Seal 1L Rum,23.97,"{""department"": ""LIQUOR"", ""vendor"": ""NULL"", ""description"": ""NULL""}",.00000000,low_margin,721094199141
LIQUOR,,2020-05-02 00:00:00,Gosling Gold 750ml Rum,21.79,"{""department"": ""LIQUOR"", ""vendor"": ""NULL"", ""description"": ""NULL""}",.00000000,low_margin,721094199455
MISC,,2020-05-16 00:00:00,Goslings Ginger Beer 6pk 12oz Domestic,7.48,"{""department"": ""MISC"", ""vendor"": ""NULL"", ""description"": ""NULL""}",.00000000,high_margin,721094199707
MISC,,2020-02-21 00:00:00,Goslings Deit Ginger Beer 6pk 12oz Domestic,7.48,"{""department"": ""MISC"", ""vendor"": ""NULL"", ""description"": ""NULL""}",.00000000,high_margin,721094199752
WINE,,2020-05-15 00:00:00,Chateau Bonnet Rose 750ml Domestic,16.34,"{""department"": ""WINE"", ""vendor"": ""NULL"", ""description"": ""NULL""}",.00000000,low_margin,721298260913
LIQUOR,,2020-05-16 00:00:00,Patron Silver Tequila 750ml,54.49,"{""department"": ""LIQUOR"", ""vendor"": ""NULL"", ""description"": ""NULL""}",.00000000,low_margin,721733000029
LIQUOR,,2020-05-02 00:00:00,Patron Silver 50Ml Tequila,6.41,"{""department"": ""LIQUOR"", ""vendor"": ""NULL"", ""description"": ""NULL""}",.00000000,high_margin,721733000234
LIQUOR,,2020-05-16 00:00:00,Patron silver 375ml Patron,28.33,"{""department"": ""LIQUOR"", ""vendor"": ""NONE"", ""description"": ""NULL""}",.00000000,low_margin,721733000944
BEER,,2020-01-15 00:00:00,Willettized Lagunitas,14.38,"{""department"": ""BEER"", ""vendor"": ""NONE"", ""description"": ""NULL""}",.00000000,low_margin,723830400467
LIQUOR,,2020-05-15 00:00:00,Gekkeikan Sake 750ml Liqueur,7.62,"{""department"": ""LIQUOR"", ""vendor"": ""NULL"", ""description"": ""NULL""}",.00000000,low_margin,728817199129
WINE,,2020-05-12 00:00:00,Justin Cab Sav 750ml Domestic,26.74,"{""department"": ""WINE"", ""vendor"": ""NULL"", ""description"": ""NULL""}",.00000000,high_margin,733952997103
LIQUOR,,2020-04-03 00:00:00,Banhez Mezcal Mezcal,32.09,"{""department"": ""LIQUOR"", ""vendor"": ""NONE"", ""description"": ""NULL""}",.00000000,high_margin,736040537113
BEER,,2020-03-14 00:00:00,Kentucky Bourbon Barrel 4pk 12oz Craft,13.9,"{""department"": ""BEER"", ""vendor"": ""NULL"", ""description"": ""NULL""}",.00000000,high_margin,747301003278
BEER,,2020-05-15 00:00:00,NSB Craigerator 4 x 16oz,17.43,"{""department"": ""BEER"", ""vendor"": ""6172944233"", ""description"": ""NULL""}",.00000000,low_margin,752830253810
BEER,,2020-05-16 00:00:00,NSB Briar Weisse 4 x 16oz,19.61,"{""department"": ""BEER"", ""vendor"": ""6172944233"", ""description"": ""NULL""}",.00000000,low_margin,752830259713
BEER,,2020-05-15 00:00:00,NSB One Hop This Time: Vic 4 x 16oz,14.38,"{""department"": ""BEER"", ""vendor"": ""6172944233"", ""description"": ""NULL""}",.00000000,low_margin,752830262010
BEER,,2020-04-26 00:00:00,CBD Cider Otto,5.44,"{""department"": ""BEER"", ""vendor"": ""NONE"", ""description"": ""NULL""}",.00000000,low_margin,758475642569
WINE,,2020-02-07 00:00:00,Casal Garcia White 750ml Import,7.48,"{""department"": ""WINE"", ""vendor"": ""NULL"", ""description"": ""NULL""}",.00000000,high_margin,764793208301
LIQUOR,,2020-04-01 00:00:00,Kerrygold Irish Creme Liqueur 750ml Import,27.24,"{""department"": ""LIQUOR"", ""vendor"": ""NULL"", ""description"": ""NULL""}",.00000000,low_margin,767707002194
WINE,,2020-01-04 00:00:00,Sonoma Cutrer PINOT NOIR,32.69,"{""department"": ""WINE"", ""vendor"": ""NONE"", ""description"": ""NULL""}",.00000000,low_margin,769611500384
WINE,,2020-04-07 00:00:00,Malbec 750ml Dabra,10.69,"{""department"": ""WINE"", ""vendor"": ""NONE"", ""description"": ""NULL""}",.00000000,high_margin,7790314010200
WINE,,2020-04-17 00:00:00,Picabuey Malbec 750ml Import,13.9,"{""department"": ""WINE"", ""vendor"": ""NULL"", ""description"": ""NULL""}",.00000000,high_margin,7798301230471
BEER,,2020-05-19 00:00:00,Stella Artois 24oz,3.27,"{""department"": ""BEER"", ""vendor"": ""NONE"", ""description"": ""NULL""}",.00000000,low_margin,786150000571
LIQUOR,,2020-04-15 00:00:00,Whistlepig rye 10yr,81.74,"{""department"": ""LIQUOR"", ""vendor"": ""NONE"", ""description"": ""NULL""}",.00000000,low_margin,793573797940
BEER,,2020-05-08 00:00:00,Maine Beer Mo Single 16oz Craft,7.58,"{""department"": ""BEER"", ""vendor"": ""NULL"", ""description"": ""NULL""}",.00000000,low_margin,794504868821
BEER,,2020-05-14 00:00:00,Maine Beer Another One Single 16oz Craft,7.58,"{""department"": ""BEER"", ""vendor"": ""NULL"", ""description"": ""NULL""}",.00000000,low_margin,794504869125
BEER,,2020-01-04 00:00:00,Maine Beer a tiny beautiful something Single 16oz Craft,7.58,"{""department"": ""BEER"", ""vendor"": ""NULL"", ""description"": ""NULL""}",.00000000,low_margin,794504869729
BEER,,2020-05-16 00:00:00,Kona Longboard 6pk 12oz Craft,11.76,"{""department"": ""BEER"", ""vendor"": ""NULL"", ""description"": ""NULL""}",.00000000,high_margin,796030114946
BEER,,2020-05-05 00:00:00,Kona Big Wave 6pk 12oz Craft,11.76,"{""department"": ""BEER"", ""vendor"": ""NULL"", ""description"": ""NULL""}",.00000000,high_margin,796030114960
LIQUOR,,2020-05-02 00:00:00,Glendalough 750ml Gin,32.69,"{""department"": ""LIQUOR"", ""vendor"": ""NULL"", ""description"": ""NULL""}",.00000000,low_margin,797776188482
LIQUOR,,2020-04-02 00:00:00,Glendalough Irish Whiskey 750ml,59.94,"{""department"": ""LIQUOR"", ""vendor"": ""NULL"", ""description"": ""NULL""}",.00000000,low_margin,797776782338
BEER,,2020-01-10 00:00:00,Magic Hat #9 6pk 12oz Craft,10.89,"{""department"": ""BEER"", ""vendor"": ""NULL"", ""description"": ""NULL""}",.00000000,low_margin,798373126020
LIQUOR,,2020-05-19 00:00:00,Glendalough Double Barrel Whiskey 750ml,32.69,"{""department"": ""LIQUOR"", ""vendor"": ""NULL"", ""description"": ""NULL""}",.00000000,low_margin,799439682177
WINE,,2020-05-02 00:00:00,Barbera Dalba Mauro Molino,16.04,"{""department"": ""WINE"", ""vendor"": ""NONE"", ""description"": ""NULL""}",.00000000,high_margin,8032589702176
WINE,,2020-04-25 00:00:00,castello di Radda Chianti Classico,16.04,"{""department"": ""WINE"", ""vendor"": ""NONE"", ""description"": ""NULL""}",.00000000,high_margin,8033540100314
WINE,,2020-04-23 00:00:00,Castello di Radda Chianti 750ml Import,16.04,"{""department"": ""WINE"", ""vendor"": ""NULL"", ""description"": ""NULL""}",.00000000,high_margin,8033540200915
WINE,,2020-05-09 00:00:00,Iron Side Cab Cab,16.34,"{""department"": ""WINE"", ""vendor"": ""NONE"", ""description"": ""NULL""}",.00000000,low_margin,810879020135
WINE,,2020-03-26 00:00:00,Mija Sangria Red Sparkling 750ml Domestic,9.62,"{""department"": ""WINE"", ""vendor"": ""NULL"", ""description"": ""NULL""}",.00000000,high_margin,810879020388
WINE,,2020-03-16 00:00:00,Iron Side Pinot Noir 750ml Domestic,21.39,"{""department"": ""WINE"", ""vendor"": ""NULL"", ""description"": ""NULL""}",.00000000,high_margin,810879020876
LIQUOR,,2020-02-13 00:00:00,Steel Dust 50ml Vodka,1.07,"{""department"": ""LIQUOR"", ""vendor"": ""NONE"", ""description"": ""NULL""}",.00000000,high_margin,810879021385
LIQUOR,,2020-05-02 00:00:00,silver 375ml 1800 Silver,18.52,"{""department"": ""LIQUOR"", ""vendor"": ""NONE"", ""description"": ""NULL""}",.00000000,low_margin,811538010122
LIQUOR,,2020-05-15 00:00:00,Jose Cuervo Gold 750ml Tequila,23.97,"{""department"": ""LIQUOR"", ""vendor"": ""NULL"", ""description"": ""NULL""}",.00000000,low_margin,811538010832
LIQUOR,,2020-01-24 00:00:00,Jose Cuervo Silver 750ml Tequila,23.97,"{""department"": ""LIQUOR"", ""vendor"": ""NULL"", ""description"": ""NULL""}",.00000000,low_margin,811538010856
LIQUOR,,2020-04-30 00:00:00,Silver 375ml Jose Cuervo,13.08,"{""department"": ""LIQUOR"", ""vendor"": ""NONE"", ""description"": ""NULL""}",.00000000,low_margin,811538010870
LIQUOR,,2020-04-25 00:00:00,Gold 200ml Jose Cuervo,7.63,"{""department"": ""LIQUOR"", ""vendor"": ""NONE"", ""description"": ""NULL""}",.00000000,low_margin,811538010924
LIQUOR,,2020-05-09 00:00:00,Silver 200ml jose Cuervo,7.63,"{""department"": ""LIQUOR"", ""vendor"": ""NONE"", ""description"": ""NULL""}",.00000000,low_margin,811538010931
LIQUOR,,2020-03-11 00:00:00,Jose Cuervo Gold 50ml Tequila,2.14,"{""department"": ""LIQUOR"", ""vendor"": ""NULL"", ""description"": ""NULL""}",.00000000,high_margin,811538010948
LIQUOR,,2020-05-05 00:00:00,Jose Cuervo Silver 50ml Tequila,2.18,"{""department"": ""LIQUOR"", ""vendor"": ""NONE"", ""description"": ""NULL""}",.00000000,low_margin,811538010955
LIQUOR,,2020-05-05 00:00:00,Jose Cuervo Golden Margarita 750ml Liqueur,21.79,"{""department"": ""LIQUOR"", ""vendor"": ""NONE"", ""description"": ""NULL""}",.00000000,low_margin,811538010962
LIQUOR,,2020-05-16 00:00:00,Classic Marg 1.75ml Jose Cuervo,19.61,"{""department"": ""LIQUOR"", ""vendor"": ""NONE"", ""description"": ""NULL""}",.00000000,low_margin,811538010993
LIQUOR,,2020-04-02 00:00:00,Jose Cuervo Strawberry Marg 750ml Mixer,7.62,"{""department"": ""LIQUOR"", ""vendor"": ""NULL"", ""description"": ""NULL""}",.00000000,low_margin,811538011143
LIQUOR,,2020-05-05 00:00:00,Jose Cuervo Classic Marg 1L Mixer,5.34,"{""department"": ""LIQUOR"", ""vendor"": ""NULL"", ""description"": ""NULL""}",.00000000,high_margin,811538011211
LIQUOR,,2020-05-09 00:00:00,Jose Cuervo Magarita Mini 4pk 750ml Liqueur,10.89,"{""department"": ""LIQUOR"", ""vendor"": ""NULL"", ""description"": ""NULL""}",.00000000,low_margin,811538011556
LIQUOR,,2020-05-14 00:00:00,1800 Margarita 1800,23.97,"{""department"": ""LIQUOR"", ""vendor"": ""NONE"", ""description"": ""NULL""}",.00000000,low_margin,811538019156
LIQUOR,,2020-05-13 00:00:00,Proper Twelve Whiskey 750ml,32.69,"{""department"": ""LIQUOR"", ""vendor"": ""NULL"", ""description"": ""NULL""}",.00000000,low_margin,811538019569
LIQUOR,,2020-05-07 00:00:00,Irish Whiskey 375ml Proper Twelve,20.32,"{""department"": ""LIQUOR"", ""vendor"": ""NONE"", ""description"": ""NULL""}",.00000000,high_margin,811538019682
LIQUOR,,2020-05-01 00:00:00,15yr Highland Park,108.99,"{""department"": ""LIQUOR"", ""vendor"": ""NONE"", ""description"": ""NULL""}",.00000000,low_margin,812066020294
LIQUOR,,2020-02-11 00:00:00,Macallan 10 Years 750ml Scotch,51.22,"{""department"": ""LIQUOR"", ""vendor"": ""NULL"", ""description"": ""NULL""}",.00000000,low_margin,812066020683
LIQUOR,,2020-02-26 00:00:00,Macallan 15 Years 750ml Scotch,108.99,"{""department"": ""LIQUOR"", ""vendor"": ""NULL"", ""description"": ""NULL""}",.00000000,low_margin,812066020690
LIQUOR,,2020-05-01 00:00:00,Macallan 12 Years Double 750ml Scotch,65.4,"{""department"": ""LIQUOR"", ""vendor"": ""NULL"", ""description"": ""NULL""}",.00000000,low_margin,812066021598
LIQUOR,,2020-04-08 00:00:00,Calumet Bourbon,52.31,"{""department"": ""LIQUOR"", ""vendor"": ""NONE"", ""description"": ""NULL""}",.00000000,low_margin,812459012004
LIQUOR,,2020-04-23 00:00:00,Teeling 750ml Irish Whiskey,38.14,"{""department"": ""LIQUOR"", ""vendor"": ""NONE"", ""description"": ""NULL""}",.00000000,low_margin,813219020048
LIQUOR,,2020-02-15 00:00:00,Gozio Amaretto Liqueur 50ml,2.18,"{""department"": ""LIQUOR"", ""vendor"": ""NULL"", ""description"": ""NULL""}",.00000000,low_margin,814794010455
WINE,,2020-04-03 00:00:00,Pinot Noir Joel Gott,18.52,"{""department"": ""WINE"", ""vendor"": ""NONE"", ""description"": ""NULL""}",.00000000,low_margin,817625010143
BEER,,2020-03-13 00:00:00,Hazy IPA Elysian,13.07,"{""department"": ""BEER"", ""vendor"": ""NONE"", ""description"": ""NULL""}",.00000000,low_margin,817904007949
BEER,,2020-04-08 00:00:00,Road 2 Run Two Roads,13.07,"{""department"": ""BEER"", ""vendor"": ""NONE"", ""description"": ""NULL""}",.00000000,low_margin,819578010478
TOBACCO,,2020-03-30 00:00:00,Ph Card Virg Jl,21.39,"{""department"": ""TOBACCO"", ""vendor"": ""NONE"", ""description"": ""NULL""}",.00000000,high_margin,819913011429
Soda,,2020-05-19 00:00:00,v o j l,21.39,"{""department"": ""Soda"", ""vendor"": ""NONE"", ""description"": ""NULL""}",.00000000,high_margin,819913012594
WINE,,2020-05-14 00:00:00,Sauv Blanc The Crossings,13.9,"{""department"": ""WINE"", ""vendor"": ""NONE"", ""description"": ""NULL""}",.00000000,high_margin,831869000012
WINE,,2020-05-19 00:00:00,Rose all Day 750ml Import,12.83,"{""department"": ""WINE"", ""vendor"": ""NULL"", ""description"": ""NULL""}",.00000000,high_margin,833202002509
WINE,,2020-02-02 00:00:00,Gunsight Rock Cab Sav 750ml Domestic,16.34,"{""department"": ""WINE"", ""vendor"": ""NULL"", ""description"": ""NULL""}",.00000000,low_margin,833302005158
LIQUOR,,2020-03-06 00:00:00,Absolut Strawberry Juice vodka Absolut,21.79,"{""department"": ""LIQUOR"", ""vendor"": ""NONE"", ""description"": ""NULL""}",.00000000,low_margin,835229010611
LIQUOR,,2020-02-05 00:00:00,Absolut Apple Juice vodka Absolut,21.79,"{""department"": ""LIQUOR"", ""vendor"": ""NONE"", ""description"": ""NULL""}",.00000000,low_margin,835229010628
WINE,,2020-02-29 00:00:00,Cielo Pinot Grigio 750ml Import,8.55,"{""department"": ""WINE"", ""vendor"": ""NULL"", ""description"": ""NULL""}",.00000000,high_margin,839543001379
WINE,,2020-05-04 00:00:00,Cielo Pinot Noir 1.5L Import,10.69,"{""department"": ""WINE"", ""vendor"": ""NULL"", ""description"": ""NULL""}",.00000000,high_margin,839543001881
WINE,,2020-04-30 00:00:00,Harken Chard 750ml Domestic,13.9,"{""department"": ""WINE"", ""vendor"": ""NULL"", ""description"": ""NULL""}",.00000000,high_margin,847159001812
WINE,,2020-04-18 00:00:00,Pinot Noir Harken,13.9,"{""department"": ""WINE"", ""vendor"": ""NONE"", ""description"": ""NULL""}",.00000000,high_margin,847159002079
LIQUOR,,2020-04-28 00:00:00,Piggy Back 6yr Whistlepig,57.76,"{""department"": ""LIQUOR"", ""vendor"": ""NONE"", ""description"": ""NULL""}",.00000000,low_margin,850001901116
BEER,,2020-05-17 00:00:00,Zero Gravity Madonna 4 x 16oz,15.47,"{""department"": ""BEER"", ""vendor"": ""Atlantic"", ""description"": ""NULL""}",.00000000,low_margin,850113006235
WINE,,2020-05-11 00:00:00,Mark West Pinot Noir 750ml Domestic,11.98,"{""department"": ""WINE"", ""vendor"": ""NONE"", ""description"": ""NULL""}",.00000000,low_margin,851718000048
WINE,,2020-05-01 00:00:00,Lifevine Cab Sauv Lifevine,16.34,"{""department"": ""WINE"", ""vendor"": ""NONE"", ""description"": ""NULL""}",.00000000,low_margin,852411007563
WINE,,2020-05-10 00:00:00,Chard Life Vine,16.34,"{""department"": ""WINE"", ""vendor"": ""NONE"", ""description"": ""NULL""}",.00000000,low_margin,852411007570
LIQUOR,,2020-04-25 00:00:00,Barr Hill Gin 750ml,42.79,"{""department"": ""LIQUOR"", ""vendor"": ""NONE"", ""description"": ""NULL""}",.00000000,high_margin,852735003029
WINE,,2020-05-10 00:00:00,Fit Vine Cabarnet Sav,16.34,"{""department"": ""WINE"", ""vendor"": ""NONE"", ""description"": ""NULL""}",.00000000,low_margin,853086008008
WINE,,2020-05-18 00:00:00,Fit Vine Pinot Noir 750ml Domestic,18.18,"{""department"": ""WINE"", ""vendor"": ""NULL"", ""description"": ""NULL""}",.00000000,high_margin,853086008022
WINE,,2020-05-07 00:00:00,Fitvine Chard 750ml Domestic,16.34,"{""department"": ""WINE"", ""vendor"": ""NULL"", ""description"": ""NULL""}",.00000000,low_margin,853086008053
WINE,,2020-05-16 00:00:00,Pinot Grigio Fit Vine,16.34,"{""department"": ""WINE"", ""vendor"": ""NONE"", ""description"": ""NULL""}",.00000000,low_margin,853086008077
WINE,,2020-04-13 00:00:00,Fitvine Rose Fitvine,17.43,"{""department"": ""WINE"", ""vendor"": ""NONE"", ""description"": ""NULL""}",.00000000,low_margin,853086008091
BEER,,2020-05-15 00:00:00,Mast Landing DDH Tell Tale 4 x 16oz,16.34,"{""department"": ""BEER"", ""vendor"": ""6172944233"", ""description"": ""NULL""}",.00000000,low_margin,853239007018
BEER,,2020-03-15 00:00:00,Dash 4pk Mast Landing,16.34,"{""department"": ""BEER"", ""vendor"": ""NONE"", ""description"": ""NULL""}",.00000000,low_margin,853239007049
BEER,,2020-01-11 00:00:00,Lights 4pk 16oz Mast Landing,16.34,"{""department"": ""BEER"", ""vendor"": ""NONE"", ""description"": ""NULL""}",.00000000,low_margin,853239007452
BEER,,2020-05-16 00:00:00,Mast Landing Sports & Leisure 4 x 16oz,18.52,"{""department"": ""BEER"", ""vendor"": ""6172944233"", ""description"": ""NULL""}",.00000000,low_margin,853239007780
BEER,,2020-02-28 00:00:00,2x4 Dipa Melvin,17.43,"{""department"": ""BEER"", ""vendor"": ""NONE"", ""description"": ""NULL""}",.00000000,low_margin,853901006226
LIQUOR,,2020-01-18 00:00:00,Prairie Bourbon High West,42.79,"{""department"": ""LIQUOR"", ""vendor"": ""NONE"", ""description"": ""NULL""}",.00000000,high_margin,854396005220
LIQUOR,,2020-04-09 00:00:00,High West Bourbon 375ml,21.39,"{""department"": ""LIQUOR"", ""vendor"": ""NONE"", ""description"": ""NULL""}",.00000000,high_margin,854396005251
BEER,,2020-02-20 00:00:00,Riverwalk IPA IPA 4pk,13.07,"{""department"": ""BEER"", ""vendor"": ""NONE"", ""description"": ""NULL""}",.00000000,low_margin,854924003773
BEER,,2020-05-15 00:00:00,Stormalong Mass Appeal 4 x 16oz,11.98,"{""department"": ""BEER"", ""vendor"": ""Atlantic"", ""description"": ""NULL""}",.00000000,low_margin,855067006256
BEER,,2020-05-18 00:00:00,Stormalong Red Skies 4 x 16oz,12.83,"{""department"": ""BEER"", ""vendor"": ""Atlantic"", ""description"": ""NULL""}",.00000000,high_margin,855067006270
WINE,,2020-05-15 00:00:00,Mieomi Pinot Noir,23.97,"{""department"": ""WINE"", ""vendor"": ""NONE"", ""description"": ""NULL""}",.00000000,low_margin,855165005076
BEER,,2020-05-08 00:00:00,Double Thunder Bent Water,17.43,"{""department"": ""BEER"", ""vendor"": ""NONE"", ""description"": ""NULL""}",.00000000,low_margin,855775006531
BEER,,2020-02-05 00:00:00,Goat Bent Water,13.29,"{""department"": ""BEER"", ""vendor"": ""NONE"", ""description"": ""NULL""}",.00000000,low_margin,855775006630
BEER,,2020-05-03 00:00:00,Czarface Bent Water,16.34,"{""department"": ""BEER"", ""vendor"": ""NONE"", ""description"": ""NULL""}",.00000000,low_margin,855775006647
LIQUOR,,2020-05-15 00:00:00,Ole Smoky 50ml Moonshine,3.21,"{""department"": ""LIQUOR"", ""vendor"": ""NONE"", ""description"": ""NULL""}",.00000000,"duplicate_sku,high_margin",856011004151
LIQUOR,,2020-05-15 00:00:00,Ole Smoky 50ml Moonshine,3.21,"{""department"": ""LIQUOR"", ""vendor"": ""NONE"", ""description"": ""NULL""}",.00000000,"duplicate_sku,high_margin",856011004151
BEER,,2020-05-11 00:00:00,Lord Hobo NE Sampler 12 x 12oz,21.35,"{""department"": ""BEER"", ""vendor"": ""Atlantic"", ""description"": ""NULL""}",.00000000,low_margin,856544007803
BEER,,2020-05-14 00:00:00,Lord Hobo Hobo Life 12 x 12oz,21.35,"{""department"": ""BEER"", ""vendor"": ""Atlantic"", ""description"": ""NULL""}",.00000000,low_margin,856544007834
BEER,,2020-05-17 00:00:00,Lord Hobo 617 Title Town 12 x 12oz C,20.7,"{""department"": ""BEER"", ""vendor"": ""NONE"", ""description"": ""NULL""}",.00000000,low_margin,856544007957
LIQUOR,,2020-05-16 00:00:00,Anejo Casamigos,56.7,"{""department"": ""LIQUOR"", ""vendor"": ""NONE"", ""description"": ""NULL""}",.00000000,high_margin,856724006015
WINE,,2020-05-11 00:00:00,Luna Di Luna 1.5ml Pinot Grigio,13.9,"{""department"": ""WINE"", ""vendor"": ""NONE"", ""description"": ""NULL""}",.00000000,high_margin,857660004622
WINE,,2020-03-17 00:00:00,Joseph Carr Chard 750ml Domestic,17.11,"{""department"": ""WINE"", ""vendor"": ""NULL"", ""description"": ""NULL""}",.00000000,high_margin,857744001219
WINE,,2020-05-16 00:00:00,Josh Cab Sav 750ml Domestic,16.04,"{""department"": ""WINE"", ""vendor"": ""NULL"", ""description"": ""NULL""}",.00000000,high_margin,857744001318
WINE,,2020-05-19 00:00:00,Josh Cellar Chard 750ml Domestic,13.07,"{""department"": ""WINE"", ""vendor"": ""NULL"", ""description"": ""NULL""}",.00000000,low_margin,857744001325
WINE,,2020-05-09 00:00:00,Josh Merlot 750ml Domestic,16.04,"{""department"": ""WINE"", ""vendor"": ""NULL"", ""description"": ""NULL""}",.00000000,high_margin,857744011157
WINE,,2020-04-21 00:00:00,Joseph Carr Cab Sav 750ml Domestic,18.52,"{""department"": ""WINE"", ""vendor"": ""NULL"", ""description"": ""NULL""}",.00000000,low_margin,857744099001
BEER,,2020-02-20 00:00:00,Blueberry Down East,14.16,"{""department"": ""BEER"", ""vendor"": ""NONE"", ""description"": ""NULL""}",.00000000,low_margin,858612003502
WINE,,2020-05-15 00:00:00,Poggio Chianti Argentale,11.76,"{""department"": ""WINE"", ""vendor"": ""NONE"", ""description"": ""NULL""}",.00000000,high_margin,858749003093
BEER,,2020-05-16 00:00:00,Citizen Cider Unified 4 x 16oz,13.07,"{""department"": ""BEER"", ""vendor"": ""Atlantic"", ""description"": ""NULL""}",.00000000,low_margin,859199003077
BEER,,2020-03-29 00:00:00,1 North haze Ipa 1 North,15.25,"{""department"": ""BEER"", ""vendor"": ""NONE"", ""description"": ""NULL""}",.00000000,low_margin,859660007061
BEER,,2020-05-11 00:00:00,Destihl Synchopathic 6 x 12oz,13.9,"{""department"": ""BEER"", ""vendor"": ""6172944233"", ""description"": ""NULL""}",.00000000,high_margin,859708002171
BEER,,2020-03-22 00:00:00,Extended IPA Destihl,16.34,"{""department"": ""BEER"", ""vendor"": ""NONE"", ""description"": ""NULL""}",.00000000,low_margin,859708002553
Soda,,2020-03-03 00:00:00,Mount Water Liquid Death,1.6,"{""department"": ""Soda"", ""vendor"": ""NONE"", ""description"": ""NULL""}",.00000000,high_margin,860000023900
LIQUOR,,2020-05-14 00:00:00,Skrewball Skrewball,32.09,"{""department"": ""LIQUOR"", ""vendor"": ""NONE"", ""description"": ""NULL""}",.00000000,high_margin,860265002405
LIQUOR,,2020-05-06 00:00:00,Skrewball 50ml Peanut Butter whiskey,3.2,"{""department"": ""LIQUOR"", ""vendor"": ""NONE"", ""description"": ""NULL""}",.00000000,high_margin,860265002429
BEER,,2020-02-09 00:00:00,Juice Bomb Sloop Brewing,14.16,"{""department"": ""BEER"", ""vendor"": ""NONE"", ""description"": ""NULL""}",.00000000,low_margin,860367000729
BEER,,2020-04-25 00:00:00,Mango Willies,11.76,"{""department"": ""BEER"", ""vendor"": ""NONE"", ""description"": ""NULL""}",.00000000,high_margin,860438001693
BEER,,2020-01-30 00:00:00,Kolsch Devil's Purse,13.9,"{""department"": ""BEER"", ""vendor"": ""NONE"", ""description"": ""NULL""}",.00000000,high_margin,862816000250
BEER,,2020-01-31 00:00:00,Moose Juice North Ale,13.07,"{""department"": ""BEER"", ""vendor"": ""NONE"", ""description"": ""NULL""}",.00000000,low_margin,866764000171
LIQUOR,,2020-05-16 00:00:00,Fisher Island lemonade,17.43,"{""department"": ""LIQUOR"", ""vendor"": ""NONE"", ""description"": ""NULL""}",.00000000,low_margin,867636000015
BEER,,2020-02-27 00:00:00,Imperial IPA Laser Cat,16.34,"{""department"": ""BEER"", ""vendor"": ""NONE"", ""description"": ""NULL""}",.00000000,low_margin,868956000402
BEER,,2020-03-21 00:00:00,Luminary MedUsa Brewing,16.34,"{""department"": ""BEER"", ""vendor"": ""NONE"", ""description"": ""NULL""}",.00000000,low_margin,868956000457
WINE,,2020-05-15 00:00:00,Babe Rose Babe,13.07,"{""department"": ""WINE"", ""vendor"": ""NONE"", ""description"": ""NULL""}",.00000000,low_margin,869037000380
WINE,,2020-03-12 00:00:00,Gabriele Vino Sweet Red 750ml Import,10.69,"{""department"": ""WINE"", ""vendor"": ""NULL"", ""description"": ""NULL""}",.00000000,high_margin,876641900258
WINE,,2020-05-08 00:00:00,Napa Cab Oberon,21.79,"{""department"": ""WINE"", ""vendor"": ""NONE"", ""description"": ""NULL""}",.00000000,low_margin,877397000407
LIQUOR,,2020-02-22 00:00:00,Rum Chata Liqueur 750ml Import,25.06,"{""department"": ""LIQUOR"", ""vendor"": ""NULL"", ""description"": ""NULL""}",.00000000,low_margin,890355001025
BEER,,2020-04-27 00:00:00,Amber 4pk Cape Ann,10.89,"{""department"": ""BEER"", ""vendor"": ""NONE"", ""description"": ""NULL""}",.00000000,low_margin,892480001116
BEER,,2020-05-06 00:00:00,Easy IPA Cape Ann Brew,10.89,"{""department"": ""BEER"", ""vendor"": ""NONE"", ""description"": ""NULL""}",.00000000,low_margin,892480100017
WINE,,2020-05-15 00:00:00,90+ Pinot Noir Monterey 750ml Domestic,10.69,"{""department"": ""WINE"", ""vendor"": ""NULL"", ""description"": ""NULL""}",.00000000,high_margin,894655001099
WINE,,2020-05-10 00:00:00,sparkling Rose 90+,10.69,"{""department"": ""WINE"", ""vendor"": ""NONE"", ""description"": ""NULL""}",.00000000,high_margin,894655001679
WINE,,2020-05-11 00:00:00,Cab Bourbon Barrel Layer Cake,16.34,"{""department"": ""WINE"", ""vendor"": ""NONE"", ""description"": ""NULL""}",.00000000,low_margin,896599002101
WINE,,2020-02-19 00:00:00,CrossBarn Pinot Noir,32.09,"{""department"": ""WINE"", ""vendor"": ""NONE"", ""description"": ""NULL""}",.00000000,high_margin,897941000271
Soda,,2020-05-19 00:00:00,4pk Tonic Water Fever Tree,7.48,"{""department"": ""Soda"", ""vendor"": ""NONE"", ""description"": ""NULL""}",.00000000,high_margin,898195001014
Soda,,2020-05-08 00:00:00,Elder Flower Tonic Water Fever Tree,8.01,"{""department"": ""Soda"", ""vendor"": ""NONE"", ""description"": ""NULL""}",.00000000,high_margin,898195001656
LIQUOR,,2020-04-10 00:00:00,Powell & Mahoney Peach Bellini 750ml Mixer,7.62,"{""department"": ""LIQUOR"", ""vendor"": ""NULL"", ""description"": ""NULL""}",.00000000,low_margin,898406001437
WINE,,2020-04-03 00:00:00,Exitus Exitus,18.52,"{""department"": ""WINE"", ""vendor"": ""NONE"", ""description"": ""NULL""}",.00000000,low_margin,898756001606
WINE,,2020-03-26 00:00:00,2 Copas 750ml Import,9.62,"{""department"": ""WINE"", ""vendor"": ""NULL"", ""description"": ""NULL""}",.00000000,high_margin,899939002472
LIQUOR,biz_id_3A09D545-A2F9-4325-A048-AD747EDDE0A0,2020-05-19 00:00:00,ICE 5lb,1.87,"{""department"": ""LIQUOR"", ""vendor"": ""NULL"", ""description"": ""NULL""}",.00000000,high_margin,
LIQUOR,biz_id_A48A4A0C-6D43-40DF-AB1F-07BEA72ABDEC,2020-05-19 00:00:00,ICE 10lb,2.94,"{""department"": ""LIQUOR"", ""vendor"": ""NULL"", ""description"": ""NULL""}",.00000000,high_margin,
